-- MySQL dump 10.13  Distrib 8.0.45, for Win64 (x86_64)
--
-- Host: 127.0.0.1    Database: testdb
-- ------------------------------------------------------
-- Server version	8.4.8

/*!40101 SET @OLD_CHARACTER_SET_CLIENT=@@CHARACTER_SET_CLIENT */;
/*!40101 SET @OLD_CHARACTER_SET_RESULTS=@@CHARACTER_SET_RESULTS */;
/*!40101 SET @OLD_COLLATION_CONNECTION=@@COLLATION_CONNECTION */;
/*!50503 SET NAMES utf8mb4 */;
/*!40103 SET @OLD_TIME_ZONE=@@TIME_ZONE */;
/*!40103 SET TIME_ZONE='+00:00' */;
/*!40014 SET @OLD_UNIQUE_CHECKS=@@UNIQUE_CHECKS, UNIQUE_CHECKS=0 */;
/*!40014 SET @OLD_FOREIGN_KEY_CHECKS=@@FOREIGN_KEY_CHECKS, FOREIGN_KEY_CHECKS=0 */;
/*!40101 SET @OLD_SQL_MODE=@@SQL_MODE, SQL_MODE='NO_AUTO_VALUE_ON_ZERO' */;
/*!40111 SET @OLD_SQL_NOTES=@@SQL_NOTES, SQL_NOTES=0 */;

--
-- Table structure for table `BangDiem`
--

DROP TABLE IF EXISTS `BangDiem`;
/*!40101 SET @saved_cs_client     = @@character_set_client */;
/*!50503 SET character_set_client = utf8mb4 */;
CREATE TABLE `BangDiem` (
  `ID` int NOT NULL,
  `MaSV` varchar(10) DEFAULT NULL,
  `MaLopHP` varchar(20) DEFAULT NULL,
  `DiemQT` float DEFAULT NULL,
  `DiemThi` float DEFAULT NULL,
  `SoBaoDanh` varchar(20) DEFAULT NULL,
  PRIMARY KEY (`ID`),
  UNIQUE KEY `UQ_Diem` (`MaSV`,`MaLopHP`),
  KEY `MaLopHP` (`MaLopHP`),
  KEY `SoBaoDanh` (`SoBaoDanh`),
  CONSTRAINT `BangDiem_ibfk_1` FOREIGN KEY (`MaSV`) REFERENCES `SinhVien` (`MaSV`),
  CONSTRAINT `BangDiem_ibfk_2` FOREIGN KEY (`MaLopHP`) REFERENCES `LopHocPhan` (`MaLopHP`),
  CONSTRAINT `BangDiem_ibfk_3` FOREIGN KEY (`SoBaoDanh`) REFERENCES `SoBaoDanh` (`SoBaoDanh`)
) ENGINE=InnoDB DEFAULT CHARSET=utf8mb4 COLLATE=utf8mb4_0900_ai_ci;
/*!40101 SET character_set_client = @saved_cs_client */;

--
-- Dumping data for table `BangDiem`
--

LOCK TABLES `BangDiem` WRITE;
/*!40000 ALTER TABLE `BangDiem` DISABLE KEYS */;
INSERT INTO `BangDiem` VALUES (1,'2155010001','23CN3_CT4002',7.5,8,'SBD001'),(2,'2155010001','23CN3_CT4101',6.5,7,'SBD002'),(3,'2155010001','23CN3_NN3702',5,5.5,'SBD003'),(4,'2155010001','23CN3_TH5217',8,8.5,'SBD018'),(5,'2155010001','23CN3_TH5203',6,6.5,'SBD012'),(6,'2155010001','23CN3_TH4305',7.5,8,'SBD005'),(7,'2155010001','23CN3_TH4319',6.5,7,'SBD010'),(8,'2355010034','23CN3_CT4002',7,7.5,'SBD022'),(9,'2355010034','23CN3_CT4101',6,6.5,'SBD023'),(10,'2355010034','23CN3_NN3702',6,6.5,'SBD024'),(11,'2355010034','23CN3_TH5217',7,7.5,'SBD039'),(12,'2355010034','23CN3_TH5203',6,6.5,'SBD033'),(13,'2355010034','23CN3_TH4305',7,7.5,'SBD026'),(14,'2355010034','23CN3_TH4319',6,6.5,'SBD031'),(15,'2355010071','23CN3_CT4002',8,8.5,'SBD042'),(16,'2355010071','23CN3_CT4101',7,7.5,'SBD043'),(17,'2355010071','23CN3_NN3702',7,7.5,'SBD044'),(18,'2355010071','23CN3_TH5217',8,8.5,'SBD059'),(19,'2355010071','23CN3_TH5203',7,7.5,'SBD053'),(20,'2355010071','23CN3_TH4305',8,8.5,'SBD046'),(21,'2355010071','23CN3_TH4319',7,7.5,'SBD051'),(22,'2355010111','23CN3_CT4002',8.5,9,'SBD062'),(23,'2355010111','23CN3_CT4101',7.5,8,'SBD063'),(24,'2355010111','23CN3_NN3702',7,7.5,'SBD064'),(25,'2355010111','23CN3_TH5217',8.5,9,'SBD079'),(26,'2355010111','23CN3_TH5203',7,7.5,'SBD073'),(27,'2355010111','23CN3_TH4305',8,8.5,'SBD066'),(28,'2355010111','23CN3_TH4319',7.5,8,'SBD071'),(29,'2355010163','23CN3_CT4002',8,8.5,'SBD102'),(30,'2355010163','23CN3_CT4101',7.5,8,'SBD103'),(31,'2355010163','23CN3_NN3702',7,7.5,'SBD104'),(32,'2355010163','23CN3_TH5217',8.5,9,'SBD119'),(33,'2355010163','23CN3_TH5203',7.5,8,'SBD113'),(34,'2355010163','23CN3_TH4305',8,8.5,'SBD106'),(35,'2355010163','23CN3_TH4319',7.5,8,'SBD111'),(36,'2355010147','23CN3_CT4002',8,8.5,'SBD082'),(37,'2355010147','23CN3_CT4101',7,7.5,'SBD083'),(38,'2355010147','23CN3_NN3702',7,7.5,'SBD084'),(39,'2355010147','23CN3_TH5217',8,8.5,'SBD099'),(40,'2355010147','23CN3_TH5203',7,7.5,'SBD093'),(41,'2355010147','23CN3_TH4305',8,8.5,'SBD086'),(42,'2355010147','23CN3_TH4319',7,7.5,'SBD091'),(43,'2555010204','23CN3_CT4002',6.5,7,'SBD122'),(44,'2555010204','23CN3_CT4101',6,6.5,'SBD123'),(45,'2555010204','23CN3_NN3702',6,6.5,'SBD124'),(46,'2555010204','23CN3_TH5217',7,7.5,'SBD139'),(47,'2555010204','23CN3_TH5203',6,6.5,'SBD133'),(48,'2555010204','23CN3_TH4305',7,7.5,'SBD126'),(49,'2555010204','23CN3_TH4319',6,6.5,'SBD131'),(50,'2155010001','23CN3_TH4316',7,7.5,'SBD009'),(51,'2155010001','23CN3_TH4320',6.5,7,'SBD011'),(52,'2155010001','23CN3_NN3703',3,3,'SBD004'),(53,'2155010001','23CN3_TH5208',7,7.5,'SBD014'),(54,'2155010001','23CN3_TH4306',7,7.5,'SBD006'),(55,'2155010001','23CN3_TH5206',6.5,7,'SBD013'),(56,'2155010001','23CN3_TH5209',7,7.5,'SBD015'),(57,'2355010034','23CN3_TH4316',6.5,7,'SBD030'),(58,'2355010034','23CN3_TH4320',6,6.5,'SBD032'),(59,'2355010034','23CN3_NN3703',6,6.5,'SBD025'),(60,'2355010034','23CN3_TH5208',6.5,7,'SBD035'),(61,'2355010034','23CN3_TH4306',6.5,7,'SBD027'),(62,'2355010034','23CN3_TH5206',6,6.5,'SBD034'),(63,'2355010034','23CN3_TH5209',6.5,7,'SBD036'),(64,'2355010071','23CN3_TH4316',8,8.5,'SBD050'),(65,'2355010071','23CN3_TH4320',7.5,8,'SBD052'),(66,'2355010071','23CN3_NN3703',7,7.5,'SBD045'),(67,'2355010071','23CN3_TH5208',8,8.5,'SBD055'),(68,'2355010071','23CN3_TH4306',8,8.5,'SBD047'),(69,'2355010071','23CN3_TH5206',7.5,8,'SBD054'),(70,'2355010071','23CN3_TH5209',8,8.5,'SBD056'),(71,'2355010111','23CN3_TH4316',8.5,9,'SBD070'),(72,'2355010111','23CN3_TH4320',8,8.5,'SBD072'),(73,'2355010111','23CN3_NN3703',7.5,8,'SBD065'),(74,'2355010111','23CN3_TH5208',8.5,9,'SBD075'),(75,'2355010111','23CN3_TH4306',8.5,9,'SBD067'),(76,'2355010111','23CN3_TH5206',8,8.5,'SBD074'),(77,'2355010111','23CN3_TH5209',8.5,9,'SBD076'),(78,'2355010163','23CN3_TH4316',8,8.5,'SBD110'),(79,'2355010163','23CN3_TH4320',7.5,8,'SBD112'),(80,'2355010163','23CN3_NN3703',7,7.5,'SBD105'),(81,'2355010163','23CN3_TH5208',8,8.5,'SBD115'),(82,'2355010163','23CN3_TH4306',8,8.5,'SBD107'),(83,'2355010163','23CN3_TH5206',7.5,8,'SBD114'),(84,'2355010163','23CN3_TH5209',8,8.5,'SBD116'),(85,'2355010147','23CN3_TH4316',8,8.5,'SBD090'),(86,'2355010147','23CN3_TH4320',7.5,8,'SBD092'),(87,'2355010147','23CN3_NN3703',7,7.5,'SBD085'),(88,'2355010147','23CN3_TH5208',8,8.5,'SBD095'),(89,'2355010147','23CN3_TH4306',8,8.5,'SBD087'),(90,'2355010147','23CN3_TH5206',7.5,8,'SBD094'),(91,'2355010147','23CN3_TH5209',8,8.5,'SBD096'),(92,'2555010204','23CN3_TH4316',6.5,7,'SBD130'),(93,'2555010204','23CN3_TH4320',6,6.5,'SBD132'),(94,'2555010204','23CN3_NN3703',6,6.5,'SBD125'),(95,'2555010204','23CN3_TH5208',6.5,7,'SBD135'),(96,'2555010204','23CN3_TH4306',6.5,7,'SBD127'),(97,'2555010204','23CN3_TH5206',6,6.5,'SBD134'),(98,'2555010204','23CN3_TH5209',6.5,7,'SBD136'),(99,'2155010001','23CN3_TH5221',7,7.5,'SBD019'),(100,'2155010001','23CN3_TH5210',6.5,7,'SBD016'),(101,'2155010001','23CN3_TH4315',7,7.5,'SBD008'),(102,'2355010034','23CN3_TH5221',6.5,7,'SBD040'),(103,'2355010034','23CN3_TH5210',6,6.5,'SBD037'),(104,'2355010034','23CN3_TH4315',6.5,7,'SBD029'),(105,'2355010071','23CN3_TH5221',8,8.5,'SBD060'),(106,'2355010071','23CN3_TH5210',7.5,8,'SBD057'),(107,'2355010071','23CN3_TH4315',8,8.5,'SBD049'),(108,'2355010111','23CN3_TH5221',8.5,9,'SBD080'),(109,'2355010111','23CN3_TH5210',8,8.5,'SBD077'),(110,'2355010111','23CN3_TH4315',8.5,9,'SBD069'),(111,'2355010163','23CN3_TH5221',8,8.5,'SBD120'),(112,'2355010163','23CN3_TH5210',7.5,8,'SBD117'),(113,'2355010163','23CN3_TH4315',8,8.5,'SBD109'),(114,'2355010147','23CN3_TH5221',8,8.5,'SBD100'),(115,'2355010147','23CN3_TH5210',7.5,8,'SBD097'),(116,'2355010147','23CN3_TH4315',8,8.5,'SBD089'),(117,'2555010204','23CN3_TH5221',6.5,7,'SBD140'),(118,'2555010204','23CN3_TH5210',6,6.5,'SBD137'),(119,'2555010204','23CN3_TH4315',6.5,7,'SBD129');
/*!40000 ALTER TABLE `BangDiem` ENABLE KEYS */;
UNLOCK TABLES;

--
-- Table structure for table `BieuMau`
--

DROP TABLE IF EXISTS `BieuMau`;
/*!40101 SET @saved_cs_client     = @@character_set_client */;
/*!50503 SET character_set_client = utf8mb4 */;
CREATE TABLE `BieuMau` (
  `MaBieuMau` varchar(10) NOT NULL,
  `TenBieuMau` varchar(255) CHARACTER SET utf8mb3 COLLATE utf8mb3_general_ci DEFAULT NULL,
  `MoTa` varchar(500) CHARACTER SET utf8mb3 COLLATE utf8mb3_general_ci DEFAULT NULL,
  `LinkDrive` varchar(1000) CHARACTER SET utf8mb3 COLLATE utf8mb3_general_ci DEFAULT NULL,
  `LoaiBieuMau` varchar(100) CHARACTER SET utf8mb3 COLLATE utf8mb3_general_ci DEFAULT NULL,
  `NgayTao` datetime DEFAULT CURRENT_TIMESTAMP,
  PRIMARY KEY (`MaBieuMau`)
) ENGINE=InnoDB DEFAULT CHARSET=utf8mb4 COLLATE=utf8mb4_0900_ai_ci;
/*!40101 SET character_set_client = @saved_cs_client */;

--
-- Dumping data for table `BieuMau`
--

LOCK TABLES `BieuMau` WRITE;
/*!40000 ALTER TABLE `BieuMau` DISABLE KEYS */;
INSERT INTO `BieuMau` VALUES ('BM01','Đơn xin hoãn thi','Dành cho sinh viên xin hoãn thi','https://drive.google.com/file/d/1D2iVBB_BrDfJsw1YVsm_3ZhNEFTCy1bE/view?usp=drive_link','Đơn từ','2026-05-07 10:21:33'),('BM02','Đơn xin thi bổ sung','Dành cho sinh viên xin thi bổ sung','https://drive.google.com/file/d/1Qiihm8wIGVxP0kpROZ349HjKYOqHTVaP/view?usp=drive_link','Đơn từ','2026-05-07 10:21:33'),('BM03','Đơn xin phúc khảo điểm thi','Yêu cầu chấm lại bài thi','https://drive.google.com/file/d/1mS07yDJD9FGeeFBLVv15UwxgrgjUL6Tu/view?usp=drive_link','Đơn từ','2026-05-07 10:21:33'),('BM04','Quy chế một cửa','Quy chế thực hiện cơ chế một cửa, một cửa liên thông','https://drive.google.com/file/d/1Gv47GkoC1I_7l4ez5R7pHDfZn-EMoCqG/view?usp=drive_link','Quy chế','2026-05-07 10:21:33'),('BM05','Đơn đề nghị bảo lưu điểm học phần','Bảo lưu điểm đã tích lũy','https://drive.google.com/file/d/1_086tFwhyoE2obTSaw0ZL6gl9LHlaZCm/view?usp=drive_link','Đơn từ','2026-05-07 10:21:33'),('BM06','Đơn đề nghị cấp lại văn bằng','Xin cấp lại bằng tốt nghiệp','https://drive.google.com/file/d/18giZz2b_tE9gwpva1EwCcRi8rFAud3Kw/view?usp=drive_link','Đơn từ','2026-05-07 10:21:33'),('BM07','Giấy đăng ký sử dụng phòng họp','Đăng ký sử dụng phòng họp','https://drive.google.com/file/d/1ewcDb_AQ8jgVqaRtn4GbtkQkTGg59-gS/view?usp=drive_link','Đơn từ','2026-05-07 10:21:33'),('BM08','Phụ lục các mẫu đơn','Thư mục chứa các mẫu đơn PDF','https://drive.google.com/drive/folders/16ABqj1d4qr8ZVqRnbEddo_g_JyPk_YJj','Tài liệu','2026-05-07 10:21:33');
/*!40000 ALTER TABLE `BieuMau` ENABLE KEYS */;
UNLOCK TABLES;

--
-- Table structure for table `ChiTietHocPhi`
--

DROP TABLE IF EXISTS `ChiTietHocPhi`;
/*!40101 SET @saved_cs_client     = @@character_set_client */;
/*!50503 SET character_set_client = utf8mb4 */;
CREATE TABLE `ChiTietHocPhi` (
  `ID` int NOT NULL,
  `MaHocPhi` varchar(20) DEFAULT NULL,
  `MaLopHP` varchar(20) DEFAULT NULL,
  `SoTinChi` int DEFAULT NULL,
  `DonGia` decimal(12,2) DEFAULT NULL,
  `MienGiam` decimal(12,2) DEFAULT NULL,
  `SoTienThucNop` decimal(12,2) DEFAULT NULL,
  PRIMARY KEY (`ID`),
  KEY `MaHocPhi` (`MaHocPhi`),
  KEY `MaLopHP` (`MaLopHP`),
  CONSTRAINT `ChiTietHocPhi_ibfk_1` FOREIGN KEY (`MaHocPhi`) REFERENCES `HocPhi` (`MaHocPhi`),
  CONSTRAINT `ChiTietHocPhi_ibfk_2` FOREIGN KEY (`MaLopHP`) REFERENCES `LopHocPhan` (`MaLopHP`)
) ENGINE=InnoDB DEFAULT CHARSET=utf8mb4 COLLATE=utf8mb4_0900_ai_ci;
/*!40101 SET character_set_client = @saved_cs_client */;

--
-- Dumping data for table `ChiTietHocPhi`
--

LOCK TABLES `ChiTietHocPhi` WRITE;
/*!40000 ALTER TABLE `ChiTietHocPhi` DISABLE KEYS */;
INSERT INTO `ChiTietHocPhi` VALUES (1,'HP215501000124HK2','23CN3_CT4002',2,584000.00,0.00,1168000.00),(2,'HP215501000124HK2','23CN3_CT4101',2,584000.00,0.00,1168000.00),(3,'HP215501000124HK2','23CN3_NN3702',3,584000.00,0.00,1752000.00),(4,'HP215501000125HK1','23CN3_NN3703',2,584000.00,0.00,1168000.00),(5,'HP215501000124HK2','23CN3_TH4305',3,584000.00,0.00,1752000.00),(6,'HP215501000125HK1','23CN3_TH4306',3,584000.00,0.00,1752000.00),(7,'HP215501000125HK2','23CN3_TH4309',3,584000.00,0.00,1752000.00),(8,'HP215501000125HK2','23CN3_TH4315',3,584000.00,0.00,1752000.00),(9,'HP215501000125HK1','23CN3_TH4316',3,584000.00,0.00,1752000.00),(10,'HP215501000124HK2','23CN3_TH4319',3,584000.00,0.00,1752000.00),(11,'HP215501000125HK1','23CN3_TH4320',3,584000.00,0.00,1752000.00),(12,'HP215501000124HK2','23CN3_TH5203',3,584000.00,0.00,1752000.00),(13,'HP215501000125HK1','23CN3_TH5206',3,584000.00,0.00,1752000.00),(14,'HP215501000125HK1','23CN3_TH5208',3,584000.00,0.00,1752000.00),(15,'HP215501000125HK1','23CN3_TH5209',3,584000.00,0.00,1752000.00),(16,'HP215501000125HK2','23CN3_TH5210',3,584000.00,0.00,1752000.00),(17,'HP215501000125HK2','23CN3_TH5211',3,584000.00,0.00,1752000.00),(18,'HP215501000124HK2','23CN3_TH5217',3,584000.00,0.00,1752000.00),(19,'HP215501000125HK2','23CN3_TH5221',3,584000.00,0.00,1752000.00),(20,'HP215501000125HK2','23CN3_TH5231',3,584000.00,0.00,1752000.00),(21,'HP215501000125HK2','25CN3_NN3703',2,584000.00,0.00,1168000.00),(22,'HP235501003424HK2','23CN3_CT4002',2,584000.00,0.00,1168000.00),(23,'HP235501003424HK2','23CN3_CT4101',2,584000.00,0.00,1168000.00),(24,'HP235501003424HK2','23CN3_NN3702',3,584000.00,0.00,1752000.00),(25,'HP235501003425HK1','23CN3_NN3703',2,584000.00,0.00,1168000.00),(26,'HP235501003424HK2','23CN3_TH4305',3,584000.00,0.00,1752000.00),(27,'HP235501003425HK1','23CN3_TH4306',3,584000.00,0.00,1752000.00),(28,'HP235501003425HK2','23CN3_TH4309',3,584000.00,0.00,1752000.00),(29,'HP235501003425HK2','23CN3_TH4315',3,584000.00,0.00,1752000.00),(30,'HP235501003425HK1','23CN3_TH4316',3,584000.00,0.00,1752000.00),(31,'HP235501003424HK2','23CN3_TH4319',3,584000.00,0.00,1752000.00),(32,'HP235501003425HK1','23CN3_TH4320',3,584000.00,0.00,1752000.00),(33,'HP235501003424HK2','23CN3_TH5203',3,584000.00,0.00,1752000.00),(34,'HP235501003425HK1','23CN3_TH5206',3,584000.00,0.00,1752000.00),(35,'HP235501003425HK1','23CN3_TH5208',3,584000.00,0.00,1752000.00),(36,'HP235501003425HK1','23CN3_TH5209',3,584000.00,0.00,1752000.00),(37,'HP235501003425HK2','23CN3_TH5210',3,584000.00,0.00,1752000.00),(38,'HP235501003425HK2','23CN3_TH5211',3,584000.00,0.00,1752000.00),(39,'HP235501003424HK2','23CN3_TH5217',3,584000.00,0.00,1752000.00),(40,'HP235501003425HK2','23CN3_TH5221',3,584000.00,0.00,1752000.00),(41,'HP235501003425HK2','23CN3_TH5231',3,584000.00,0.00,1752000.00),(42,'HP235501007124HK2','23CN3_CT4002',2,584000.00,0.00,1168000.00),(43,'HP235501007124HK2','23CN3_CT4101',2,584000.00,0.00,1168000.00),(44,'HP235501007124HK2','23CN3_NN3702',3,584000.00,0.00,1752000.00),(45,'HP235501007125HK1','23CN3_NN3703',2,584000.00,0.00,1168000.00),(46,'HP235501007124HK2','23CN3_TH4305',3,584000.00,0.00,1752000.00),(47,'HP235501007125HK1','23CN3_TH4306',3,584000.00,0.00,1752000.00),(48,'HP235501007125HK2','23CN3_TH4309',3,584000.00,0.00,1752000.00),(49,'HP235501007125HK2','23CN3_TH4315',3,584000.00,0.00,1752000.00),(50,'HP235501007125HK1','23CN3_TH4316',3,584000.00,0.00,1752000.00),(51,'HP235501007124HK2','23CN3_TH4319',3,584000.00,0.00,1752000.00),(52,'HP235501007125HK1','23CN3_TH4320',3,584000.00,0.00,1752000.00),(53,'HP235501007124HK2','23CN3_TH5203',3,584000.00,0.00,1752000.00),(54,'HP235501007125HK1','23CN3_TH5206',3,584000.00,0.00,1752000.00),(55,'HP235501007125HK1','23CN3_TH5208',3,584000.00,0.00,1752000.00),(56,'HP235501007125HK1','23CN3_TH5209',3,584000.00,0.00,1752000.00),(57,'HP235501007125HK2','23CN3_TH5210',3,584000.00,0.00,1752000.00),(58,'HP235501007125HK2','23CN3_TH5211',3,584000.00,0.00,1752000.00),(59,'HP235501007124HK2','23CN3_TH5217',3,584000.00,0.00,1752000.00),(60,'HP235501007125HK2','23CN3_TH5221',3,584000.00,0.00,1752000.00),(61,'HP235501007125HK2','23CN3_TH5231',3,584000.00,0.00,1752000.00),(62,'HP235501011124HK2','23CN3_CT4002',2,584000.00,0.00,1168000.00),(63,'HP235501011124HK2','23CN3_CT4101',2,584000.00,0.00,1168000.00),(64,'HP235501011124HK2','23CN3_NN3702',3,584000.00,0.00,1752000.00),(65,'HP235501011125HK1','23CN3_NN3703',2,584000.00,0.00,1168000.00),(66,'HP235501011124HK2','23CN3_TH4305',3,584000.00,0.00,1752000.00),(67,'HP235501011125HK1','23CN3_TH4306',3,584000.00,0.00,1752000.00),(68,'HP235501011125HK2','23CN3_TH4309',3,584000.00,0.00,1752000.00),(69,'HP235501011125HK2','23CN3_TH4315',3,584000.00,0.00,1752000.00),(70,'HP235501011125HK1','23CN3_TH4316',3,584000.00,0.00,1752000.00),(71,'HP235501011124HK2','23CN3_TH4319',3,584000.00,0.00,1752000.00),(72,'HP235501011125HK1','23CN3_TH4320',3,584000.00,0.00,1752000.00),(73,'HP235501011124HK2','23CN3_TH5203',3,584000.00,0.00,1752000.00),(74,'HP235501011125HK1','23CN3_TH5206',3,584000.00,0.00,1752000.00),(75,'HP235501011125HK1','23CN3_TH5208',3,584000.00,0.00,1752000.00),(76,'HP235501011125HK1','23CN3_TH5209',3,584000.00,0.00,1752000.00),(77,'HP235501011125HK2','23CN3_TH5210',3,584000.00,0.00,1752000.00),(78,'HP235501011125HK2','23CN3_TH5211',3,584000.00,0.00,1752000.00),(79,'HP235501011124HK2','23CN3_TH5217',3,584000.00,0.00,1752000.00),(80,'HP235501011125HK2','23CN3_TH5221',3,584000.00,0.00,1752000.00),(81,'HP235501011125HK2','23CN3_TH5231',3,584000.00,0.00,1752000.00),(82,'HP235501014724HK2','23CN3_CT4002',2,584000.00,0.00,1168000.00),(83,'HP235501014724HK2','23CN3_CT4101',2,584000.00,0.00,1168000.00),(84,'HP235501014724HK2','23CN3_NN3702',3,584000.00,0.00,1752000.00),(85,'HP235501014725HK1','23CN3_NN3703',2,584000.00,0.00,1168000.00),(86,'HP235501014724HK2','23CN3_TH4305',3,584000.00,0.00,1752000.00),(87,'HP235501014725HK1','23CN3_TH4306',3,584000.00,0.00,1752000.00),(88,'HP235501014725HK2','23CN3_TH4309',3,584000.00,0.00,1752000.00),(89,'HP235501014725HK2','23CN3_TH4315',3,584000.00,0.00,1752000.00),(90,'HP235501014725HK1','23CN3_TH4316',3,584000.00,0.00,1752000.00),(91,'HP235501014724HK2','23CN3_TH4319',3,584000.00,0.00,1752000.00),(92,'HP235501014725HK1','23CN3_TH4320',3,584000.00,0.00,1752000.00),(93,'HP235501014724HK2','23CN3_TH5203',3,584000.00,0.00,1752000.00),(94,'HP235501014725HK1','23CN3_TH5206',3,584000.00,0.00,1752000.00),(95,'HP235501014725HK1','23CN3_TH5208',3,584000.00,0.00,1752000.00),(96,'HP235501014725HK1','23CN3_TH5209',3,584000.00,0.00,1752000.00),(97,'HP235501014725HK2','23CN3_TH5210',3,584000.00,0.00,1752000.00),(98,'HP235501014725HK2','23CN3_TH5211',3,584000.00,0.00,1752000.00),(99,'HP235501014724HK2','23CN3_TH5217',3,584000.00,0.00,1752000.00),(100,'HP235501014725HK2','23CN3_TH5221',3,584000.00,0.00,1752000.00),(101,'HP235501014725HK2','23CN3_TH5231',3,584000.00,0.00,1752000.00),(102,'HP235501016324HK2','23CN3_CT4002',2,584000.00,0.00,1168000.00),(103,'HP235501016324HK2','23CN3_CT4101',2,584000.00,0.00,1168000.00),(104,'HP235501016324HK2','23CN3_NN3702',3,584000.00,0.00,1752000.00),(105,'HP235501016325HK1','23CN3_NN3703',2,584000.00,0.00,1168000.00),(106,'HP235501016324HK2','23CN3_TH4305',3,584000.00,0.00,1752000.00),(107,'HP235501016325HK1','23CN3_TH4306',3,584000.00,0.00,1752000.00),(108,'HP235501016325HK2','23CN3_TH4309',3,584000.00,0.00,1752000.00),(109,'HP235501016325HK2','23CN3_TH4315',3,584000.00,0.00,1752000.00),(110,'HP235501016325HK1','23CN3_TH4316',3,584000.00,0.00,1752000.00),(111,'HP235501016324HK2','23CN3_TH4319',3,584000.00,0.00,1752000.00),(112,'HP235501016325HK1','23CN3_TH4320',3,584000.00,0.00,1752000.00),(113,'HP235501016324HK2','23CN3_TH5203',3,584000.00,0.00,1752000.00),(114,'HP235501016325HK1','23CN3_TH5206',3,584000.00,0.00,1752000.00),(115,'HP235501016325HK1','23CN3_TH5208',3,584000.00,0.00,1752000.00),(116,'HP235501016325HK1','23CN3_TH5209',3,584000.00,0.00,1752000.00),(117,'HP235501016325HK2','23CN3_TH5210',3,584000.00,0.00,1752000.00),(118,'HP235501016325HK2','23CN3_TH5211',3,584000.00,0.00,1752000.00),(119,'HP235501016324HK2','23CN3_TH5217',3,584000.00,0.00,1752000.00),(120,'HP235501016325HK2','23CN3_TH5221',3,584000.00,0.00,1752000.00),(121,'HP235501016325HK2','23CN3_TH5231',3,584000.00,0.00,1752000.00),(122,'HP255501020424HK2','23CN3_CT4002',2,584000.00,0.00,1168000.00),(123,'HP255501020424HK2','23CN3_CT4101',2,584000.00,0.00,1168000.00),(124,'HP255501020424HK2','23CN3_NN3702',3,584000.00,0.00,1752000.00),(125,'HP255501020425HK1','23CN3_NN3703',2,584000.00,0.00,1168000.00),(126,'HP255501020424HK2','23CN3_TH4305',3,584000.00,0.00,1752000.00),(127,'HP255501020425HK1','23CN3_TH4306',3,584000.00,0.00,1752000.00),(128,'HP255501020425HK2','23CN3_TH4309',3,584000.00,0.00,1752000.00),(129,'HP255501020425HK2','23CN3_TH4315',3,584000.00,0.00,1752000.00),(130,'HP255501020425HK1','23CN3_TH4316',3,584000.00,0.00,1752000.00),(131,'HP255501020424HK2','23CN3_TH4319',3,584000.00,0.00,1752000.00),(132,'HP255501020425HK1','23CN3_TH4320',3,584000.00,0.00,1752000.00),(133,'HP255501020424HK2','23CN3_TH5203',3,584000.00,0.00,1752000.00),(134,'HP255501020425HK1','23CN3_TH5206',3,584000.00,0.00,1752000.00),(135,'HP255501020425HK1','23CN3_TH5208',3,584000.00,0.00,1752000.00),(136,'HP255501020425HK1','23CN3_TH5209',3,584000.00,0.00,1752000.00),(137,'HP255501020425HK2','23CN3_TH5210',3,584000.00,0.00,1752000.00),(138,'HP255501020425HK2','23CN3_TH5211',3,584000.00,0.00,1752000.00),(139,'HP255501020424HK2','23CN3_TH5217',3,584000.00,0.00,1752000.00),(140,'HP255501020425HK2','23CN3_TH5221',3,584000.00,0.00,1752000.00),(141,'HP255501020425HK2','23CN3_TH5231',3,584000.00,0.00,1752000.00),(142,'HP255501020425HK2','25CN3_TH5203',3,584000.00,0.00,1752000.00);
/*!40000 ALTER TABLE `ChiTietHocPhi` ENABLE KEYS */;
UNLOCK TABLES;

--
-- Table structure for table `DangKyChoDuyet`
--

DROP TABLE IF EXISTS `DangKyChoDuyet`;
/*!40101 SET @saved_cs_client     = @@character_set_client */;
/*!50503 SET character_set_client = utf8mb4 */;
CREATE TABLE `DangKyChoDuyet` (
  `ID` int NOT NULL AUTO_INCREMENT,
  `MaSV` varchar(10) DEFAULT NULL,
  `MaMo` varchar(20) DEFAULT NULL,
  `NgayDangKy` datetime DEFAULT CURRENT_TIMESTAMP,
  `TrangThai` varchar(50) CHARACTER SET utf8mb3 COLLATE utf8mb3_general_ci,
  PRIMARY KEY (`ID`),
  KEY `MaSV` (`MaSV`),
  KEY `MaMo` (`MaMo`),
  CONSTRAINT `DangKyChoDuyet_ibfk_1` FOREIGN KEY (`MaSV`) REFERENCES `SinhVien` (`MaSV`),
  CONSTRAINT `DangKyChoDuyet_ibfk_2` FOREIGN KEY (`MaMo`) REFERENCES `LopHocDuocMo` (`MaMo`)
) ENGINE=InnoDB AUTO_INCREMENT=10 DEFAULT CHARSET=utf8mb4 COLLATE=utf8mb4_0900_ai_ci;
/*!40101 SET character_set_client = @saved_cs_client */;

--
-- Dumping data for table `DangKyChoDuyet`
--

LOCK TABLES `DangKyChoDuyet` WRITE;
/*!40000 ALTER TABLE `DangKyChoDuyet` DISABLE KEYS */;
/*!40000 ALTER TABLE `DangKyChoDuyet` ENABLE KEYS */;
UNLOCK TABLES;

--
-- Table structure for table `DangKyHoc`
--

DROP TABLE IF EXISTS `DangKyHoc`;
/*!40101 SET @saved_cs_client     = @@character_set_client */;
/*!50503 SET character_set_client = utf8mb4 */;
CREATE TABLE `DangKyHoc` (
  `ID` int NOT NULL,
  `MaSV` varchar(10) DEFAULT NULL,
  `MaLopHP` varchar(20) DEFAULT NULL,
  `NgayDangKy` date DEFAULT NULL,
  PRIMARY KEY (`ID`),
  UNIQUE KEY `UQ_DangKy` (`MaSV`,`MaLopHP`),
  KEY `MaLopHP` (`MaLopHP`),
  CONSTRAINT `DangKyHoc_ibfk_1` FOREIGN KEY (`MaSV`) REFERENCES `SinhVien` (`MaSV`),
  CONSTRAINT `DangKyHoc_ibfk_2` FOREIGN KEY (`MaLopHP`) REFERENCES `LopHocPhan` (`MaLopHP`)
) ENGINE=InnoDB DEFAULT CHARSET=utf8mb4 COLLATE=utf8mb4_0900_ai_ci;
/*!40101 SET character_set_client = @saved_cs_client */;

--
-- Dumping data for table `DangKyHoc`
--

LOCK TABLES `DangKyHoc` WRITE;
/*!40000 ALTER TABLE `DangKyHoc` DISABLE KEYS */;
INSERT INTO `DangKyHoc` VALUES (1,'2155010001','23CN3_CT4002','2025-02-01'),(2,'2155010001','23CN3_CT4101','2025-02-01'),(3,'2155010001','23CN3_NN3702','2025-02-01'),(4,'2155010001','23CN3_TH5217','2025-02-01'),(5,'2155010001','23CN3_TH5203','2025-02-01'),(6,'2155010001','23CN3_TH4305','2025-02-01'),(7,'2155010001','23CN3_TH4319','2025-02-01'),(8,'2355010034','23CN3_CT4002','2025-02-01'),(9,'2355010034','23CN3_CT4101','2025-02-01'),(10,'2355010034','23CN3_NN3702','2025-02-01'),(11,'2355010034','23CN3_TH5217','2025-02-01'),(12,'2355010034','23CN3_TH5203','2025-02-01'),(13,'2355010034','23CN3_TH4305','2025-02-01'),(14,'2355010034','23CN3_TH4319','2025-02-01'),(15,'2355010071','23CN3_CT4002','2025-02-01'),(16,'2355010071','23CN3_CT4101','2025-02-01'),(17,'2355010071','23CN3_NN3702','2025-02-01'),(18,'2355010071','23CN3_TH5217','2025-02-01'),(19,'2355010071','23CN3_TH5203','2025-02-01'),(20,'2355010071','23CN3_TH4305','2025-02-01'),(21,'2355010071','23CN3_TH4319','2025-02-01'),(22,'2355010111','23CN3_CT4002','2025-02-01'),(23,'2355010111','23CN3_CT4101','2025-02-01'),(24,'2355010111','23CN3_NN3702','2025-02-01'),(25,'2355010111','23CN3_TH5217','2025-02-01'),(26,'2355010111','23CN3_TH5203','2025-02-01'),(27,'2355010111','23CN3_TH4305','2025-02-01'),(28,'2355010111','23CN3_TH4319','2025-02-01'),(29,'2355010163','23CN3_CT4002','2025-02-01'),(30,'2355010163','23CN3_CT4101','2025-02-01'),(31,'2355010163','23CN3_NN3702','2025-02-01'),(32,'2355010163','23CN3_TH5217','2025-02-01'),(33,'2355010163','23CN3_TH5203','2025-02-01'),(34,'2355010163','23CN3_TH4305','2025-02-01'),(35,'2355010163','23CN3_TH4319','2025-02-01'),(36,'2355010147','23CN3_CT4002','2025-02-01'),(37,'2355010147','23CN3_CT4101','2025-02-01'),(38,'2355010147','23CN3_NN3702','2025-02-01'),(39,'2355010147','23CN3_TH5217','2025-02-01'),(40,'2355010147','23CN3_TH5203','2025-02-01'),(41,'2355010147','23CN3_TH4305','2025-02-01'),(42,'2355010147','23CN3_TH4319','2025-02-01'),(43,'2555010204','23CN3_CT4002','2025-02-01'),(44,'2555010204','23CN3_CT4101','2025-02-01'),(45,'2555010204','23CN3_NN3702','2025-02-01'),(46,'2555010204','23CN3_TH5217','2025-02-01'),(47,'2555010204','23CN3_TH5203','2025-02-01'),(48,'2555010204','23CN3_TH4305','2025-02-01'),(49,'2555010204','23CN3_TH4319','2025-02-01'),(50,'2155010001','23CN3_TH4316','2025-09-01'),(51,'2155010001','23CN3_TH4320','2025-09-01'),(52,'2155010001','23CN3_NN3703','2025-09-01'),(53,'2155010001','23CN3_TH5208','2025-09-01'),(54,'2155010001','23CN3_TH4306','2025-09-01'),(55,'2155010001','23CN3_TH5206','2025-09-01'),(56,'2155010001','23CN3_TH5209','2025-09-01'),(57,'2355010034','23CN3_TH4316','2025-09-01'),(58,'2355010034','23CN3_TH4320','2025-09-01'),(59,'2355010034','23CN3_NN3703','2025-09-01'),(60,'2355010034','23CN3_TH5208','2025-09-01'),(61,'2355010034','23CN3_TH4306','2025-09-01'),(62,'2355010034','23CN3_TH5206','2025-09-01'),(63,'2355010034','23CN3_TH5209','2025-09-01'),(64,'2355010071','23CN3_TH4316','2025-09-01'),(65,'2355010071','23CN3_TH4320','2025-09-01'),(66,'2355010071','23CN3_NN3703','2025-09-01'),(67,'2355010071','23CN3_TH5208','2025-09-01'),(68,'2355010071','23CN3_TH4306','2025-09-01'),(69,'2355010071','23CN3_TH5206','2025-09-01'),(70,'2355010071','23CN3_TH5209','2025-09-01'),(71,'2355010111','23CN3_TH4316','2025-09-01'),(72,'2355010111','23CN3_TH4320','2025-09-01'),(73,'2355010111','23CN3_NN3703','2025-09-01'),(74,'2355010111','23CN3_TH5208','2025-09-01'),(75,'2355010111','23CN3_TH4306','2025-09-01'),(76,'2355010111','23CN3_TH5206','2025-09-01'),(77,'2355010111','23CN3_TH5209','2025-09-01'),(78,'2355010163','23CN3_TH4316','2025-09-01'),(79,'2355010163','23CN3_TH4320','2025-09-01'),(80,'2355010163','23CN3_NN3703','2025-09-01'),(81,'2355010163','23CN3_TH5208','2025-09-01'),(82,'2355010163','23CN3_TH4306','2025-09-01'),(83,'2355010163','23CN3_TH5206','2025-09-01'),(84,'2355010163','23CN3_TH5209','2025-09-01'),(85,'2355010147','23CN3_TH4316','2025-09-01'),(86,'2355010147','23CN3_TH4320','2025-09-01'),(87,'2355010147','23CN3_NN3703','2025-09-01'),(88,'2355010147','23CN3_TH5208','2025-09-01'),(89,'2355010147','23CN3_TH4306','2025-09-01'),(90,'2355010147','23CN3_TH5206','2025-09-01'),(91,'2355010147','23CN3_TH5209','2025-09-01'),(92,'2555010204','23CN3_TH4316','2025-09-01'),(93,'2555010204','23CN3_TH4320','2025-09-01'),(94,'2555010204','23CN3_NN3703','2025-09-01'),(95,'2555010204','23CN3_TH5208','2025-09-01'),(96,'2555010204','23CN3_TH4306','2025-09-01'),(97,'2555010204','23CN3_TH5206','2025-09-01'),(98,'2555010204','23CN3_TH5209','2025-09-01'),(99,'2155010001','23CN3_TH5221','2026-02-01'),(100,'2155010001','23CN3_TH4309','2026-02-01'),(101,'2155010001','23CN3_TH5210','2026-02-01'),(102,'2155010001','23CN3_TH4315','2026-02-01'),(103,'2155010001','23CN3_TH5231','2026-02-01'),(104,'2155010001','23CN3_TH5211','2026-02-01'),(105,'2355010034','23CN3_TH5221','2026-02-01'),(106,'2355010034','23CN3_TH4309','2026-02-01'),(107,'2355010034','23CN3_TH5210','2026-02-01'),(108,'2355010034','23CN3_TH4315','2026-02-01'),(109,'2355010034','23CN3_TH5231','2026-02-01'),(110,'2355010034','23CN3_TH5211','2026-02-01'),(111,'2355010071','23CN3_TH5221','2026-02-01'),(112,'2355010071','23CN3_TH4309','2026-02-01'),(113,'2355010071','23CN3_TH5210','2026-02-01'),(114,'2355010071','23CN3_TH4315','2026-02-01'),(115,'2355010071','23CN3_TH5231','2026-02-01'),(116,'2355010071','23CN3_TH5211','2026-02-01'),(117,'2355010111','23CN3_TH5221','2026-02-01'),(118,'2355010111','23CN3_TH4309','2026-02-01'),(119,'2355010111','23CN3_TH5210','2026-02-01'),(120,'2355010111','23CN3_TH4315','2026-02-01'),(121,'2355010111','23CN3_TH5231','2026-02-01'),(122,'2355010111','23CN3_TH5211','2026-02-01'),(123,'2355010163','23CN3_TH5221','2026-02-01'),(124,'2355010163','23CN3_TH4309','2026-02-01'),(125,'2355010163','23CN3_TH5210','2026-02-01'),(126,'2355010163','23CN3_TH4315','2026-02-01'),(127,'2355010163','23CN3_TH5231','2026-02-01'),(128,'2355010163','23CN3_TH5211','2026-02-01'),(129,'2355010147','23CN3_TH5221','2026-02-01'),(130,'2355010147','23CN3_TH4309','2026-02-01'),(131,'2355010147','23CN3_TH5210','2026-02-01'),(132,'2355010147','23CN3_TH4315','2026-02-01'),(133,'2355010147','23CN3_TH5231','2026-02-01'),(134,'2355010147','23CN3_TH5211','2026-02-01'),(135,'2555010204','23CN3_TH5221','2026-02-01'),(136,'2555010204','23CN3_TH4309','2026-02-01'),(137,'2555010204','23CN3_TH5210','2026-02-01'),(138,'2555010204','23CN3_TH4315','2026-02-01'),(139,'2555010204','23CN3_TH5231','2026-02-01'),(140,'2555010204','23CN3_TH5211','2026-02-01'),(141,'2155010001','25CN3_NN3703','2026-03-15'),(142,'2555010204','25CN3_TH5203','2026-03-15');
/*!40000 ALTER TABLE `DangKyHoc` ENABLE KEYS */;
UNLOCK TABLES;

--
-- Table structure for table `GiangVien`
--

DROP TABLE IF EXISTS `GiangVien`;
/*!40101 SET @saved_cs_client     = @@character_set_client */;
/*!50503 SET character_set_client = utf8mb4 */;
CREATE TABLE `GiangVien` (
  `MaGV` varchar(10) NOT NULL,
  `TenGV` varchar(100) CHARACTER SET utf8mb3 COLLATE utf8mb3_general_ci DEFAULT NULL,
  `Email` varchar(100) CHARACTER SET utf8mb3 COLLATE utf8mb3_general_ci DEFAULT NULL,
  `DienThoai` varchar(15) DEFAULT NULL,
  `MaKhoa` varchar(10) DEFAULT NULL,
  PRIMARY KEY (`MaGV`),
  KEY `MaKhoa` (`MaKhoa`),
  CONSTRAINT `GiangVien_ibfk_1` FOREIGN KEY (`MaKhoa`) REFERENCES `Khoa` (`MaKhoa`)
) ENGINE=InnoDB DEFAULT CHARSET=utf8mb4 COLLATE=utf8mb4_0900_ai_ci;
/*!40101 SET character_set_client = @saved_cs_client */;

--
-- Dumping data for table `GiangVien`
--

LOCK TABLES `GiangVien` WRITE;
/*!40000 ALTER TABLE `GiangVien` DISABLE KEYS */;
INSERT INTO `GiangVien` VALUES ('GV01','Nguyễn Hồng Thanh','hongthanh@gmail.com','0865234986','7480201'),('GV02','Nguyễn Đăng Khoa','dangkhoa@gmail.com','0123445678','7480201'),('GV03','Nguyễn Thị Huệ','nguyenhue@gmail.com','0234557887','7480201'),('GV04','Ngô Thanh Thảo','thanhthao@gmail.com','0122166326','7480201'),('GV05','Trần Văn Thắng','tranthang@gmail.com','0345882662','7480201'),('GV06','Bùi Hải Phong','haiphong@gmail.com','0987682345','7480201'),('GV07','Nguyễn Thị Nguyệt','nguyennguyet@gmail.com','0956237645','7480201'),('GV08','Nguyễn Mạnh Hùng','manhhung@gmail.com','0945366837','7480201'),('GV09','Phạm Trọng Tuấn','trongtuan@gmail.com','0923637398','7480201'),('GV10','Tạ Ánh Tuyết','anhtuyet@gmail.com','0912345678','7480201'),('GV11','Nguyễn Khánh Ngân','khanhngan@gmail.com','0923456789','7480201'),('GV12','Nguyễn Thị Hòa','thihoa@gmail.com','0934567890','7480201'),('GV13','Chu Thị Ngọc Quỳnh','ngocquynh@gmail.com','0945678901','7480201'),('GV14','Nguyễn Đình Thái','dinhthai@gmail.com','0956789012','7480201');
/*!40000 ALTER TABLE `GiangVien` ENABLE KEYS */;
UNLOCK TABLES;

--
-- Table structure for table `HocKy`
--

DROP TABLE IF EXISTS `HocKy`;
/*!40101 SET @saved_cs_client     = @@character_set_client */;
/*!50503 SET character_set_client = utf8mb4 */;
CREATE TABLE `HocKy` (
  `MaHocKy` varchar(10) NOT NULL,
  `TenHocKy` varchar(100) CHARACTER SET utf8mb3 COLLATE utf8mb3_general_ci DEFAULT NULL,
  `NamHoc` varchar(20) DEFAULT NULL,
  `NgayBatDau` date DEFAULT NULL,
  `NgayKetThuc` date DEFAULT NULL,
  PRIMARY KEY (`MaHocKy`)
) ENGINE=InnoDB DEFAULT CHARSET=utf8mb4 COLLATE=utf8mb4_0900_ai_ci;
/*!40101 SET character_set_client = @saved_cs_client */;

--
-- Dumping data for table `HocKy`
--

LOCK TABLES `HocKy` WRITE;
/*!40000 ALTER TABLE `HocKy` DISABLE KEYS */;
INSERT INTO `HocKy` VALUES ('23HK1','Học kỳ 1 năm học 2023-2024','2023-2024','2023-10-02','2024-01-07'),('23HK2','Học kỳ 2 năm học 2023-2024','2023-2024','2024-01-29','2024-06-16'),('24HK1','Học kỳ 1 năm học 2024-2025','2024-2025','2024-09-02','2025-01-05'),('24HK2','Học kỳ 2 năm học 2024-2025','2024-2025','2025-02-03','2025-06-08'),('25HK1','Học kỳ 1 năm học 2025-2026','2025-2026','2025-08-25','2025-12-28'),('25HK2','Học kỳ 2 năm học 2025-2026','2025-2026','2026-01-19','2026-06-07');
/*!40000 ALTER TABLE `HocKy` ENABLE KEYS */;
UNLOCK TABLES;

--
-- Table structure for table `HocPhi`
--

DROP TABLE IF EXISTS `HocPhi`;
/*!40101 SET @saved_cs_client     = @@character_set_client */;
/*!50503 SET character_set_client = utf8mb4 */;
CREATE TABLE `HocPhi` (
  `MaHocPhi` varchar(20) NOT NULL,
  `MaSV` varchar(10) DEFAULT NULL,
  `MaHocKy` varchar(10) DEFAULT NULL,
  `TongTien` decimal(12,2) DEFAULT NULL,
  `MienGiam` decimal(12,2) DEFAULT NULL,
  `SoTienPhaiNop` decimal(12,2) DEFAULT NULL,
  `TrangThai` varchar(30) CHARACTER SET utf8mb3 COLLATE utf8mb3_general_ci DEFAULT NULL,
  PRIMARY KEY (`MaHocPhi`),
  KEY `MaSV` (`MaSV`),
  KEY `MaHocKy` (`MaHocKy`),
  CONSTRAINT `HocPhi_ibfk_1` FOREIGN KEY (`MaSV`) REFERENCES `SinhVien` (`MaSV`),
  CONSTRAINT `HocPhi_ibfk_2` FOREIGN KEY (`MaHocKy`) REFERENCES `HocKy` (`MaHocKy`)
) ENGINE=InnoDB DEFAULT CHARSET=utf8mb4 COLLATE=utf8mb4_0900_ai_ci;
/*!40101 SET character_set_client = @saved_cs_client */;

--
-- Dumping data for table `HocPhi`
--

LOCK TABLES `HocPhi` WRITE;
/*!40000 ALTER TABLE `HocPhi` DISABLE KEYS */;
INSERT INTO `HocPhi` VALUES ('HP215501000124HK2','2155010001','24HK2',11096000.00,0.00,11096000.00,'Đã Nộp'),('HP215501000125HK1','2155010001','25HK1',11680000.00,0.00,11680000.00,'Đã Nộp'),('HP215501000125HK2','2155010001','25HK2',11680000.00,0.00,11680000.00,'Chưa nộp'),('HP235501003424HK2','2355010034','24HK2',11096000.00,0.00,11096000.00,'Đã Nộp'),('HP235501003425HK1','2355010034','25HK1',11680000.00,0.00,11680000.00,'Đã Nộp'),('HP235501003425HK2','2355010034','25HK2',10512000.00,0.00,10512000.00,'Chưa nộp'),('HP235501007124HK2','2355010071','24HK2',11096000.00,0.00,11096000.00,'Đã Nộp'),('HP235501007125HK1','2355010071','25HK1',11680000.00,0.00,11680000.00,'Đã Nộp'),('HP235501007125HK2','2355010071','25HK2',10512000.00,0.00,10512000.00,'Chưa nộp'),('HP235501011124HK2','2355010111','24HK2',11096000.00,0.00,11096000.00,'Đã Nộp'),('HP235501011125HK1','2355010111','25HK1',11680000.00,0.00,11680000.00,'Đã Nộp'),('HP235501011125HK2','2355010111','25HK2',10512000.00,0.00,10512000.00,'Chưa nộp'),('HP235501014724HK2','2355010147','24HK2',11096000.00,0.00,11096000.00,'Đã Nộp'),('HP235501014725HK1','2355010147','25HK1',11680000.00,0.00,11680000.00,'Đã Nộp'),('HP235501014725HK2','2355010147','25HK2',10512000.00,0.00,10512000.00,'Chưa nộp'),('HP235501016324HK2','2355010163','24HK2',11096000.00,0.00,11096000.00,'Đã Nộp'),('HP235501016325HK1','2355010163','25HK1',11680000.00,0.00,11680000.00,'Đã Nộp'),('HP235501016325HK2','2355010163','25HK2',10512000.00,0.00,10512000.00,'Chưa nộp'),('HP255501020424HK2','2555010204','24HK2',11096000.00,0.00,11096000.00,'Đã Nộp'),('HP255501020425HK1','2555010204','25HK1',11680000.00,0.00,11680000.00,'Đã Nộp'),('HP255501020425HK2','2555010204','25HK2',12264000.00,0.00,12264000.00,'Chưa nộp');
/*!40000 ALTER TABLE `HocPhi` ENABLE KEYS */;
UNLOCK TABLES;

--
-- Table structure for table `Khoa`
--

DROP TABLE IF EXISTS `Khoa`;
/*!40101 SET @saved_cs_client     = @@character_set_client */;
/*!50503 SET character_set_client = utf8mb4 */;
CREATE TABLE `Khoa` (
  `MaKhoa` varchar(10) NOT NULL,
  `TenKhoa` varchar(100) CHARACTER SET utf8mb3 COLLATE utf8mb3_general_ci DEFAULT NULL,
  `MoTa` varchar(255) CHARACTER SET utf8mb3 COLLATE utf8mb3_general_ci DEFAULT NULL,
  PRIMARY KEY (`MaKhoa`)
) ENGINE=InnoDB DEFAULT CHARSET=utf8mb4 COLLATE=utf8mb4_0900_ai_ci;
/*!40101 SET character_set_client = @saved_cs_client */;

--
-- Dumping data for table `Khoa`
--

LOCK TABLES `Khoa` WRITE;
/*!40000 ALTER TABLE `Khoa` DISABLE KEYS */;
INSERT INTO `Khoa` VALUES ('7480201','Khoa Công nghệ thông tin','Công nghệ thông tin, Công nghệ đa phương tiện, Công nghệ game'),('KTA01','Khoa Kiến Trúc','Đào tạo kỹ sư kiến trúc, khoa lâu đời và danh tiếng nhất trường'),('KTA02','Khoa Quy hoạch đô thị và nông thôn','Thiết kế cảnh quan, quy hoạch vùng và đô thị'),('KTA03','Khoa Thiết kế thời trang','Thiết kế thời trang');
/*!40000 ALTER TABLE `Khoa` ENABLE KEYS */;
UNLOCK TABLES;

--
-- Table structure for table `LichHoc`
--

DROP TABLE IF EXISTS `LichHoc`;
/*!40101 SET @saved_cs_client     = @@character_set_client */;
/*!50503 SET character_set_client = utf8mb4 */;
CREATE TABLE `LichHoc` (
  `MaLichHoc` varchar(10) NOT NULL,
  `MaLopHP` varchar(20) DEFAULT NULL,
  `Thu` int DEFAULT NULL,
  `TietBatDau` int DEFAULT NULL,
  `TietKetThuc` int DEFAULT NULL,
  `Phong` varchar(50) CHARACTER SET utf8mb3 COLLATE utf8mb3_general_ci DEFAULT NULL,
  `NgayBatDau` date DEFAULT NULL,
  `NgayKetThuc` date DEFAULT NULL,
  PRIMARY KEY (`MaLichHoc`),
  KEY `MaLopHP` (`MaLopHP`),
  KEY `TietBatDau` (`TietBatDau`),
  KEY `TietKetThuc` (`TietKetThuc`),
  CONSTRAINT `LichHoc_ibfk_1` FOREIGN KEY (`MaLopHP`) REFERENCES `LopHocPhan` (`MaLopHP`),
  CONSTRAINT `LichHoc_ibfk_2` FOREIGN KEY (`TietBatDau`) REFERENCES `TietHoc` (`MaTiet`),
  CONSTRAINT `LichHoc_ibfk_3` FOREIGN KEY (`TietKetThuc`) REFERENCES `TietHoc` (`MaTiet`)
) ENGINE=InnoDB DEFAULT CHARSET=utf8mb4 COLLATE=utf8mb4_0900_ai_ci;
/*!40101 SET character_set_client = @saved_cs_client */;

--
-- Dumping data for table `LichHoc`
--

LOCK TABLES `LichHoc` WRITE;
/*!40000 ALTER TABLE `LichHoc` DISABLE KEYS */;
INSERT INTO `LichHoc` VALUES ('LH001','23CN3_CT4002',4,10,12,'Online','2025-04-14','2025-06-08'),('LH002','23CN3_CT4002',7,10,12,'Online','2025-04-14','2025-06-08'),('LH003','23CN3_CT4101',2,7,9,'Online','2025-02-03','2025-03-30'),('LH004','23CN3_CT4101',5,7,9,'Online','2025-02-24','2025-03-30'),('LH005','23CN3_NN3702',2,4,6,'H405','2025-02-03','2025-03-30'),('LH006','23CN3_NN3702',5,4,6,'H405','2025-02-03','2025-03-23'),('LH007','23CN3_TH5217',2,7,9,'Online','2025-04-14','2025-06-08'),('LH008','23CN3_TH5217',5,7,9,'Online','2025-04-21','2025-06-08'),('LH009','23CN3_TH5203',3,7,9,'H405','2025-02-03','2025-03-30'),('LH010','23CN3_TH5203',6,7,9,'H405','2025-02-03','2025-03-23'),('LH011','23CN3_TH4305',3,8,12,'M506','2025-04-14','2025-06-08'),('LH012','23CN3_TH4305',6,8,12,'M506','2025-05-12','2025-06-08'),('LH013','23CN3_TH4319',3,4,6,'H405','2025-02-10','2025-03-30'),('LH014','23CN3_TH4319',6,4,6,'H405','2025-02-03','2025-03-30'),('LH015','23CN3_TH4316',3,2,6,'M506','2025-11-03','2025-12-28'),('LH016','23CN3_TH4316',6,2,6,'M506','2025-11-03','2025-11-30'),('LH017','23CN3_TH4320',2,7,9,'M702','2025-08-25','2025-10-19'),('LH018','23CN3_TH4320',5,7,9,'M702','2025-09-01','2025-10-19'),('LH019','23CN3_NN3703',3,1,3,'M1103','2025-08-25','2025-10-19'),('LH020','23CN3_NN3703',6,1,3,'M1103','2025-08-25','2025-09-07'),('LH021','23CN3_TH5208',2,10,12,'M1401','2025-11-03','2025-12-28'),('LH022','23CN3_TH5208',5,10,12,'M1401','2025-11-10','2025-12-28'),('LH023','23CN3_TH4306',3,4,6,'M1306','2025-08-25','2025-10-19'),('LH024','23CN3_TH4306',6,4,6,'M1306','2025-09-01','2025-10-19'),('LH025','23CN3_TH5206',4,10,12,'M1005','2025-08-25','2025-10-19'),('LH026','23CN3_TH5206',7,10,12,'M1005','2025-08-25','2025-10-12'),('LH027','23CN3_TH5209',2,7,9,'M1401','2025-11-03','2025-12-28'),('LH028','23CN3_TH5209',5,7,9,'M1401','2025-11-10','2025-12-28'),('LH029','23CN3_TH5221',3,2,6,'M502','2026-01-19','2026-02-08'),('LH030','23CN3_TH5221',6,2,6,'M502','2026-02-23','2026-03-01'),('LH031','23CN3_TH4309',4,2,6,'M502','2026-04-13','2026-06-07'),('LH032','23CN3_TH4309',7,2,6,'M502','2026-04-13','2026-05-10'),('LH033','23CN3_TH5210',3,10,12,'M706','2026-01-19','2026-02-08'),('LH034','23CN3_TH5210',6,10,12,'M706','2026-02-23','2026-03-29'),('LH035','23CN3_TH4315',2,2,6,'M503','2026-01-19','2026-02-08'),('LH036','23CN3_TH4315',2,2,6,'M503','2026-02-23','2026-03-29'),('LH037','23CN3_TH4315',5,2,6,'M503','2026-03-02','2026-03-29'),('LH038','23CN3_TH5231',3,2,6,'H205','2026-04-13','2026-06-07'),('LH039','23CN3_TH5231',6,2,6,'H205','2026-05-11','2026-06-07'),('LH040','23CN3_TH5211',2,2,6,'Online','2026-04-13','2026-06-07'),('LH041','23CN3_TH5211',5,2,6,'Online','2026-05-11','2026-06-07'),('LH042','25CN3_TH4319',3,4,6,'M505','2026-04-13','2026-06-07'),('LH043','25CN3_TH4319',6,4,6,'M505','2026-04-13','2026-06-07'),('LH044','25CN3_NN3703',2,1,3,'M1101','2026-04-13','2026-06-07'),('LH045','25CN3_NN3703',5,1,3,'M1101','2026-04-13','2026-06-07'),('LH046','25CN3_TH5209',3,7,9,'M1402','2026-04-13','2026-06-07'),('LH047','25CN3_TH5209',6,7,9,'M1402','2026-04-13','2026-06-07'),('LH048','25CN3_TH5203',2,7,9,'H404','2026-04-13','2026-06-07'),('LH049','25CN3_TH5203',5,7,9,'H404','2026-04-13','2026-06-07');
/*!40000 ALTER TABLE `LichHoc` ENABLE KEYS */;
UNLOCK TABLES;

--
-- Table structure for table `LichThi`
--

DROP TABLE IF EXISTS `LichThi`;
/*!40101 SET @saved_cs_client     = @@character_set_client */;
/*!50503 SET character_set_client = utf8mb4 */;
CREATE TABLE `LichThi` (
  `MaLichThi` varchar(10) NOT NULL,
  `MaLopHP` varchar(20) DEFAULT NULL,
  `NgayThi` date DEFAULT NULL,
  `GioBatDau` time DEFAULT NULL,
  `GioKetThuc` time DEFAULT NULL,
  `PhongThi` varchar(50) CHARACTER SET utf8mb3 COLLATE utf8mb3_general_ci DEFAULT NULL,
  `HinhThucThi` varchar(50) CHARACTER SET utf8mb3 COLLATE utf8mb3_general_ci DEFAULT NULL,
  PRIMARY KEY (`MaLichThi`),
  KEY `MaLopHP` (`MaLopHP`),
  CONSTRAINT `LichThi_ibfk_1` FOREIGN KEY (`MaLopHP`) REFERENCES `LopHocPhan` (`MaLopHP`)
) ENGINE=InnoDB DEFAULT CHARSET=utf8mb4 COLLATE=utf8mb4_0900_ai_ci;
/*!40101 SET character_set_client = @saved_cs_client */;

--
-- Dumping data for table `LichThi`
--

LOCK TABLES `LichThi` WRITE;
/*!40000 ALTER TABLE `LichThi` DISABLE KEYS */;
INSERT INTO `LichThi` VALUES ('LT01','23CN3_CT4002','2025-06-15','08:00:00','09:30:00','M505','Tự luận'),('LT02','23CN3_CT4101','2025-04-05','08:00:00','09:30:00','M506','Tự luận'),('LT03','23CN3_NN3702','2025-04-06','10:00:00','11:30:00','H405','Trắc nghiệm'),('LT04','23CN3_TH5217','2025-06-15','13:30:00','15:00:00','M507','Trắc nghiệm'),('LT05','23CN3_TH5203','2025-04-05','13:30:00','15:00:00','H405','Tự luận'),('LT06','23CN3_TH4305','2025-06-15','15:30:00','17:00:00','M506','Thực hành'),('LT07','23CN3_TH4319','2025-04-06','15:30:00','17:00:00','H405','Trắc nghiệm'),('LT08','23CN3_TH4316','2026-01-05','08:00:00','10:00:00','M506','Thực hành'),('LT09','23CN3_TH4320','2025-10-25','08:00:00','09:30:00','M702','Tự luận'),('LT10','23CN3_NN3703','2025-10-25','10:00:00','11:30:00','M1103','Trắc nghiệm'),('LT11','23CN3_TH5208','2026-01-05','13:30:00','15:00:00','M1401','Tự luận'),('LT12','23CN3_TH4306','2025-10-25','13:30:00','15:00:00','M1306','Tự luận'),('LT13','23CN3_TH5206','2025-10-26','08:00:00','09:30:00','M1005','Trắc nghiệm'),('LT14','23CN3_TH5209','2026-01-05','15:30:00','17:00:00','M1401','Thực hành'),('LT15','23CN3_TH5221','2026-04-05','08:00:00','10:00:00','M502','Trắc nghiệm'),('LT16','23CN3_TH4309','2026-06-10','08:00:00','10:00:00','M502','Thực hành'),('LT17','23CN3_TH5210','2026-04-05','10:30:00','12:00:00','M706','Tự luận'),('LT18','23CN3_TH4315','2026-04-05','13:30:00','15:30:00','M503','Thực hành'),('LT19','23CN3_TH5231','2026-06-10','13:30:00','15:30:00','H205','Thực hành'),('LT20','23CN3_TH5211','2026-06-10','15:30:00','17:00:00','M508','Trắc nghiệm'),('LT21','25CN3_TH4319','2026-06-10','08:00:00','09:30:00','H405','Trắc nghiệm'),('LT22','25CN3_NN3703','2026-06-10','10:00:00','11:30:00','M1103','Trắc nghiệm'),('LT23','25CN3_TH5209','2026-06-10','13:30:00','15:00:00','M1401','Thực hành'),('LT24','25CN3_TH5203','2026-06-10','15:30:00','17:00:00','H405','Tự luận');
/*!40000 ALTER TABLE `LichThi` ENABLE KEYS */;
UNLOCK TABLES;

--
-- Table structure for table `Lop`
--

DROP TABLE IF EXISTS `Lop`;
/*!40101 SET @saved_cs_client     = @@character_set_client */;
/*!50503 SET character_set_client = utf8mb4 */;
CREATE TABLE `Lop` (
  `MaLop` varchar(10) NOT NULL,
  `TenLop` varchar(50) CHARACTER SET utf8mb3 COLLATE utf8mb3_general_ci DEFAULT NULL,
  `MaNganh` varchar(10) DEFAULT NULL,
  `KhoaHoc` varchar(10) DEFAULT NULL,
  PRIMARY KEY (`MaLop`),
  KEY `MaNganh` (`MaNganh`),
  CONSTRAINT `Lop_ibfk_1` FOREIGN KEY (`MaNganh`) REFERENCES `Nganh` (`MaNganh`)
) ENGINE=InnoDB DEFAULT CHARSET=utf8mb4 COLLATE=utf8mb4_0900_ai_ci;
/*!40101 SET character_set_client = @saved_cs_client */;

--
-- Dumping data for table `Lop`
--

LOCK TABLES `Lop` WRITE;
/*!40000 ALTER TABLE `Lop` DISABLE KEYS */;
INSERT INTO `Lop` VALUES ('21CN1','21CN1','7480201','K21'),('21CN2','21CN2','7480201','K21'),('21CN3','21CN3','7480201','K21'),('21CN4','21CN4','7480201','K21'),('23CN1','23CN1','7480201','K23'),('23CN2','23CN2','7480201','K23'),('23CN3','23CN3','7480201','K23'),('23CN4','23CN4','7480201','K23'),('25CN1','25CN1','7480201','K25'),('25CN2','25CN2','7480201','K25'),('25CN3','25CN3','7480201','K25'),('25CN4','25CN4','7480201','K25');
/*!40000 ALTER TABLE `Lop` ENABLE KEYS */;
UNLOCK TABLES;

--
-- Table structure for table `LopHocDuocMo`
--

DROP TABLE IF EXISTS `LopHocDuocMo`;
/*!40101 SET @saved_cs_client     = @@character_set_client */;
/*!50503 SET character_set_client = utf8mb4 */;
CREATE TABLE `LopHocDuocMo` (
  `MaMo` varchar(20) NOT NULL,
  `MaMon` varchar(10) DEFAULT NULL,
  `MaGV` varchar(10) DEFAULT NULL,
  `MaHocKy` varchar(10) DEFAULT NULL,
  `MaNhip` varchar(20) DEFAULT NULL,
  `NgayBatDau` date DEFAULT NULL,
  `NgayKetThuc` date DEFAULT NULL,
  `Thu` int DEFAULT NULL,
  `TietBatDau` int DEFAULT NULL,
  `TietKetThuc` int DEFAULT NULL,
  `Phong` varchar(50) CHARACTER SET utf8mb3 COLLATE utf8mb3_general_ci DEFAULT NULL,
  `SiSoToiDa` int DEFAULT NULL,
  `SoLuongTrong` int DEFAULT NULL,
  PRIMARY KEY (`MaMo`),
  KEY `MaMon` (`MaMon`),
  KEY `MaGV` (`MaGV`),
  KEY `MaHocKy` (`MaHocKy`),
  KEY `MaNhip` (`MaNhip`),
  CONSTRAINT `LopHocDuocMo_ibfk_1` FOREIGN KEY (`MaMon`) REFERENCES `MonHoc` (`MaMon`),
  CONSTRAINT `LopHocDuocMo_ibfk_2` FOREIGN KEY (`MaGV`) REFERENCES `GiangVien` (`MaGV`),
  CONSTRAINT `LopHocDuocMo_ibfk_3` FOREIGN KEY (`MaHocKy`) REFERENCES `HocKy` (`MaHocKy`),
  CONSTRAINT `LopHocDuocMo_ibfk_4` FOREIGN KEY (`MaNhip`) REFERENCES `NhipHoc` (`MaNhip`)
) ENGINE=InnoDB DEFAULT CHARSET=utf8mb4 COLLATE=utf8mb4_0900_ai_ci;
/*!40101 SET character_set_client = @saved_cs_client */;

--
-- Dumping data for table `LopHocDuocMo`
--

LOCK TABLES `LopHocDuocMo` WRITE;
/*!40000 ALTER TABLE `LopHocDuocMo` DISABLE KEYS */;
INSERT INTO `LopHocDuocMo` VALUES ('MO01','TH4309','GV01','25HK2','N2_25HK2','2026-04-13','2026-06-07',3,2,6,'M503',50,30),('MO02','TH5210','GV05','25HK2','N2_25HK2','2026-04-13','2026-06-07',4,2,6,'M706',50,25),('MO03','TH5210','GV05','25HK2','N2_25HK2','2026-04-13','2026-06-07',2,7,9,'M706',50,40),('MO04','TH5203','GV13','25HK2','N2_25HK2','2026-04-13','2026-06-07',3,7,9,'H404',50,35),('MO05','TH4319','GV14','25HK2','N2_25HK2','2026-04-13','2026-06-07',5,4,6,'M505',50,20),('MO06','NN3703','GV02','25HK2','N2_25HK2','2026-04-13','2026-06-07',7,1,3,'M1101',50,45);
/*!40000 ALTER TABLE `LopHocDuocMo` ENABLE KEYS */;
UNLOCK TABLES;

--
-- Table structure for table `LopHocPhan`
--

DROP TABLE IF EXISTS `LopHocPhan`;
/*!40101 SET @saved_cs_client     = @@character_set_client */;
/*!50503 SET character_set_client = utf8mb4 */;
CREATE TABLE `LopHocPhan` (
  `MaLopHP` varchar(20) NOT NULL,
  `MaLop` varchar(10) DEFAULT NULL,
  `MaMon` varchar(10) DEFAULT NULL,
  `MaGV` varchar(10) DEFAULT NULL,
  `MaHocKy` varchar(10) DEFAULT NULL,
  `NgayBatDau` date DEFAULT NULL,
  `NgayKetThuc` date DEFAULT NULL,
  `SiSo` int DEFAULT NULL,
  `MaNhip` varchar(20) DEFAULT NULL,
  PRIMARY KEY (`MaLopHP`),
  KEY `MaLop` (`MaLop`),
  KEY `MaMon` (`MaMon`),
  KEY `MaGV` (`MaGV`),
  KEY `MaHocKy` (`MaHocKy`),
  KEY `MaNhip` (`MaNhip`),
  CONSTRAINT `LopHocPhan_ibfk_1` FOREIGN KEY (`MaLop`) REFERENCES `Lop` (`MaLop`),
  CONSTRAINT `LopHocPhan_ibfk_2` FOREIGN KEY (`MaMon`) REFERENCES `MonHoc` (`MaMon`),
  CONSTRAINT `LopHocPhan_ibfk_3` FOREIGN KEY (`MaGV`) REFERENCES `GiangVien` (`MaGV`),
  CONSTRAINT `LopHocPhan_ibfk_4` FOREIGN KEY (`MaHocKy`) REFERENCES `HocKy` (`MaHocKy`),
  CONSTRAINT `LopHocPhan_ibfk_5` FOREIGN KEY (`MaNhip`) REFERENCES `NhipHoc` (`MaNhip`)
) ENGINE=InnoDB DEFAULT CHARSET=utf8mb4 COLLATE=utf8mb4_0900_ai_ci;
/*!40101 SET character_set_client = @saved_cs_client */;

--
-- Dumping data for table `LopHocPhan`
--

LOCK TABLES `LopHocPhan` WRITE;
/*!40000 ALTER TABLE `LopHocPhan` DISABLE KEYS */;
INSERT INTO `LopHocPhan` VALUES ('23CN3_CT4002','23CN3','CT4002','GV10','24HK2','2025-04-14','2025-06-08',50,'N2_24HK2'),('23CN3_CT4101','23CN3','CT4101','GV11','24HK2','2025-02-03','2025-03-30',50,'N1_24HK2'),('23CN3_NN3702','23CN3','NN3702','GV12','24HK2','2025-02-03','2025-03-30',50,'N1_24HK2'),('23CN3_NN3703','23CN3','NN3703','GV02','25HK1','2025-08-25','2025-10-19',50,'N1_25HK1'),('23CN3_TH4305','23CN3','TH4305','GV01','24HK2','2025-04-14','2025-06-08',50,'N2_24HK2'),('23CN3_TH4306','23CN3','TH4306','GV01','25HK1','2025-08-25','2025-10-19',50,'N1_25HK1'),('23CN3_TH4309','23CN3','TH4309','GV01','25HK2','2026-04-13','2026-06-07',50,'N2_25HK2'),('23CN3_TH4315','23CN3','TH4315','GV01','25HK2','2026-01-19','2026-03-29',50,'N1_25HK2'),('23CN3_TH4316','23CN3','TH4316','GV02','25HK1','2025-11-03','2025-12-28',50,'N2_25HK1'),('23CN3_TH4319','23CN3','TH4319','GV14','24HK2','2025-02-03','2025-03-30',50,'N1_24HK2'),('23CN3_TH4320','23CN3','TH4320','GV03','25HK1','2025-08-25','2025-10-19',50,'N1_25HK1'),('23CN3_TH5203','23CN3','TH5203','GV13','24HK2','2025-02-03','2025-03-30',50,'N1_24HK2'),('23CN3_TH5206','23CN3','TH5206','GV06','25HK1','2025-08-25','2025-10-19',50,'N1_25HK1'),('23CN3_TH5208','23CN3','TH5208','GV02','25HK1','2025-11-03','2025-12-28',50,'N2_25HK1'),('23CN3_TH5209','23CN3','TH5209','GV02','25HK1','2025-11-03','2025-12-28',50,'N2_25HK1'),('23CN3_TH5210','23CN3','TH5210','GV05','25HK2','2026-01-19','2026-03-29',50,'N1_25HK2'),('23CN3_TH5211','23CN3','TH5211','GV06','25HK2','2026-04-13','2026-06-07',50,'N2_25HK2'),('23CN3_TH5217','23CN3','TH5217','GV07','24HK2','2025-04-14','2025-06-08',50,'N2_24HK2'),('23CN3_TH5221','23CN3','TH5221','GV07','25HK2','2026-01-19','2026-03-29',50,'N1_25HK2'),('23CN3_TH5231','23CN3','TH5231','GV09','25HK2','2026-04-13','2026-06-07',50,'N2_25HK2'),('25CN3_NN3703','25CN3','NN3703','GV02','25HK2','2026-04-13','2026-06-07',50,'N2_25HK2'),('25CN3_TH4319','25CN3','TH4319','GV14','25HK2','2026-04-13','2026-06-07',50,'N2_25HK2'),('25CN3_TH5203','25CN3','TH5203','GV13','25HK2','2026-04-13','2026-06-07',50,'N2_25HK2'),('25CN3_TH5209','25CN3','TH5209','GV02','25HK2','2026-04-13','2026-06-07',50,'N2_25HK2');
/*!40000 ALTER TABLE `LopHocPhan` ENABLE KEYS */;
UNLOCK TABLES;

--
-- Table structure for table `MonHoc`
--

DROP TABLE IF EXISTS `MonHoc`;
/*!40101 SET @saved_cs_client     = @@character_set_client */;
/*!50503 SET character_set_client = utf8mb4 */;
CREATE TABLE `MonHoc` (
  `MaMon` varchar(10) NOT NULL,
  `TenMon` varchar(100) CHARACTER SET utf8mb3 COLLATE utf8mb3_general_ci DEFAULT NULL,
  `SoTinChi` int DEFAULT NULL,
  `LoaiMon` varchar(50) CHARACTER SET utf8mb3 COLLATE utf8mb3_general_ci DEFAULT NULL,
  PRIMARY KEY (`MaMon`)
) ENGINE=InnoDB DEFAULT CHARSET=utf8mb4 COLLATE=utf8mb4_0900_ai_ci;
/*!40101 SET character_set_client = @saved_cs_client */;

--
-- Dumping data for table `MonHoc`
--

LOCK TABLES `MonHoc` WRITE;
/*!40000 ALTER TABLE `MonHoc` DISABLE KEYS */;
INSERT INTO `MonHoc` VALUES ('CT4002','Lịch sử Đảng Cộng sản Việt Nam',2,'Cơ sở'),('CT4101','Tư tưởng Hồ Chí Minh',2,'Cơ sở'),('NN3702','Tiếng Anh P2',3,'Tự chọn'),('NN3703','Tiếng Anh chuyên ngành',2,'Tự chọn'),('TH4305','Lập trình hướng đối tượng',3,'Cơ sở'),('TH4306','Công nghệ phần mềm',3,'Cơ sở'),('TH4309','Công nghệ Web',3,'Cơ sở'),('TH4315','Ngôn ngữ C# và công nghệ .NET',3,'Cơ sở'),('TH4316','Công nghệ Java',3,'Cơ sở'),('TH4319','Kiến trúc máy tính',3,'Cơ sở'),('TH4320','Trí tuệ nhân tạo',3,'Cơ sở'),('TH5203','Hệ điều hành',3,'Cơ sở'),('TH5206','Mạng máy tính',3,'Cơ sở'),('TH5208','Phân tích và thiết kế hệ thống thông tin',3,'Cơ sở'),('TH5209','Xử lý ảnh',3,'Cơ sở'),('TH5210','An toàn và bảo mật hệ thống thông tin',3,'Cơ sở'),('TH5211','Hệ điều hành Linux',3,'Cơ sở'),('TH5217','Cơ sở dữ liệu',3,'Cơ sở'),('TH5221','Hệ quản trị cơ sở dữ liệu',3,'Cơ sở'),('TH5231','Kỹ thuật đồ họa máy tính',3,'Cơ sở');
/*!40000 ALTER TABLE `MonHoc` ENABLE KEYS */;
UNLOCK TABLES;

--
-- Table structure for table `Nganh`
--

DROP TABLE IF EXISTS `Nganh`;
/*!40101 SET @saved_cs_client     = @@character_set_client */;
/*!50503 SET character_set_client = utf8mb4 */;
CREATE TABLE `Nganh` (
  `MaNganh` varchar(10) NOT NULL,
  `TenNganh` varchar(100) CHARACTER SET utf8mb3 COLLATE utf8mb3_general_ci DEFAULT NULL,
  `MaKhoa` varchar(10) DEFAULT NULL,
  PRIMARY KEY (`MaNganh`),
  KEY `MaKhoa` (`MaKhoa`),
  CONSTRAINT `Nganh_ibfk_1` FOREIGN KEY (`MaKhoa`) REFERENCES `Khoa` (`MaKhoa`)
) ENGINE=InnoDB DEFAULT CHARSET=utf8mb4 COLLATE=utf8mb4_0900_ai_ci;
/*!40101 SET character_set_client = @saved_cs_client */;

--
-- Dumping data for table `Nganh`
--

LOCK TABLES `Nganh` WRITE;
/*!40000 ALTER TABLE `Nganh` DISABLE KEYS */;
INSERT INTO `Nganh` VALUES ('7210105','Điêu khắc','KTA03'),('7210404','Thiết kế thời trang','KTA03'),('7480201','Công nghệ thông tin','7480201'),('7480201_1','Công nghệ đa phương tiện','7480201'),('7480201_2','Công nghệ game','7480201'),('7580101','Kiến Trúc','KTA01'),('7580101_1','Chương trình tiên tiến ngành Kiến trúc','KTA01'),('7580105','Quy hoạch vùng và đô thị','KTA02');
/*!40000 ALTER TABLE `Nganh` ENABLE KEYS */;
UNLOCK TABLES;

--
-- Table structure for table `NhipHoc`
--

DROP TABLE IF EXISTS `NhipHoc`;
/*!40101 SET @saved_cs_client     = @@character_set_client */;
/*!50503 SET character_set_client = utf8mb4 */;
CREATE TABLE `NhipHoc` (
  `MaNhip` varchar(20) NOT NULL,
  `TenNhip` varchar(100) CHARACTER SET utf8mb3 COLLATE utf8mb3_general_ci DEFAULT NULL,
  `MaHocKy` varchar(10) DEFAULT NULL,
  `NgayBatDau` date DEFAULT NULL,
  `NgayKetThuc` date DEFAULT NULL,
  PRIMARY KEY (`MaNhip`),
  KEY `MaHocKy` (`MaHocKy`),
  CONSTRAINT `NhipHoc_ibfk_1` FOREIGN KEY (`MaHocKy`) REFERENCES `HocKy` (`MaHocKy`)
) ENGINE=InnoDB DEFAULT CHARSET=utf8mb4 COLLATE=utf8mb4_0900_ai_ci;
/*!40101 SET character_set_client = @saved_cs_client */;

--
-- Dumping data for table `NhipHoc`
--

LOCK TABLES `NhipHoc` WRITE;
/*!40000 ALTER TABLE `NhipHoc` DISABLE KEYS */;
INSERT INTO `NhipHoc` VALUES ('N1_24HK2','Nhịp 1 HK2 2024-2025','24HK2','2025-02-03','2025-03-30'),('N1_25HK1','Nhịp 1 HK1 2025-2026','25HK1','2025-08-25','2025-10-19'),('N1_25HK2','Nhịp 1 HK2 2025-2026','25HK2','2026-01-19','2026-03-29'),('N2_24HK2','Nhịp 2 HK2 2024-2025','24HK2','2025-04-14','2025-06-08'),('N2_25HK1','Nhịp 2 HK1 2025-2026','25HK1','2025-11-03','2025-12-28'),('N2_25HK2','Nhịp 2 HK2 2025-2026','25HK2','2026-04-13','2026-06-07');
/*!40000 ALTER TABLE `NhipHoc` ENABLE KEYS */;
UNLOCK TABLES;

--
-- Table structure for table `SinhVien`
--

DROP TABLE IF EXISTS `SinhVien`;
/*!40101 SET @saved_cs_client     = @@character_set_client */;
/*!50503 SET character_set_client = utf8mb4 */;
CREATE TABLE `SinhVien` (
  `MaSV` varchar(10) NOT NULL,
  `HoTen` varchar(100) CHARACTER SET utf8mb3 COLLATE utf8mb3_general_ci DEFAULT NULL,
  `NgaySinh` date DEFAULT NULL,
  `GioiTinh` varchar(10) CHARACTER SET utf8mb3 COLLATE utf8mb3_general_ci DEFAULT NULL,
  `Email` varchar(100) CHARACTER SET utf8mb3 COLLATE utf8mb3_general_ci DEFAULT NULL,
  `DienThoai` varchar(15) DEFAULT NULL,
  `MaLop` varchar(10) DEFAULT NULL,
  `TrangThai` varchar(50) CHARACTER SET utf8mb3 COLLATE utf8mb3_general_ci DEFAULT NULL,
  PRIMARY KEY (`MaSV`),
  KEY `MaLop` (`MaLop`),
  CONSTRAINT `SinhVien_ibfk_1` FOREIGN KEY (`MaLop`) REFERENCES `Lop` (`MaLop`)
) ENGINE=InnoDB DEFAULT CHARSET=utf8mb4 COLLATE=utf8mb4_0900_ai_ci;
/*!40101 SET character_set_client = @saved_cs_client */;

--
-- Dumping data for table `SinhVien`
--

LOCK TABLES `SinhVien` WRITE;
/*!40000 ALTER TABLE `SinhVien` DISABLE KEYS */;
INSERT INTO `SinhVien` VALUES ('1855010055','Bùi Đỗ Trung Hiếu','2000-09-21','Nam','trunghieu@gmail.com','0987225622','21CN3','Đang học'),('2155010001','Đỗ Hồng An','2003-03-25','Nam','hongan@gmail.com','0234224564','21CN1','Đang học'),('2155010012','Nguyễn Mai Anh','2003-07-19','Nữ','maianh@gmail.com','0564552352','21CN2','Đang học'),('2155010134','Lê Thị Hương','2003-08-24','Nữ','lehuong@gmail.com','0998231231','21CN4','Đang học'),('2355010034','Đinh Văn Chí','2005-04-04','Nam','vanchi@gmail.com','0521784334','23CN2','Đang học'),('2355010071','Nguyễn Thị Giang','2005-10-08','Nữ','giangnguyen@gmail.com','0567338644','23CN3','Đang học'),('2355010080','Nguyễn Trung Hiếu','2005-12-21','Nam','trungghieu@gmail.com','0555768931','23CN4','Đang học'),('2355010106','Nguyễn Thị Khánh Huyền','2005-06-19','Nữ','khanhhuyen@gmail.com','0268339184','23CN2','Đang học'),('2355010111','Nguyễn Thị Thảo Hương','2005-08-26','Nữ','huongnguyen@gmail.com','0982446837','23CN3','Đang học'),('2355010133','Trần Chu Lộc','2005-02-24','Nam','kdtranloc@gmail.com','0857849668','23CN1','Đang học'),('2355010137','Hoàng Anh Minh','2005-01-14','Nam','anhminh@gmail.com','0873318528','23CN1','Đang học'),('2355010142','Đặng Phương Nam','2005-04-19','Nam','phgnam@gmail.com','0932882641','23CN2','Đang học'),('2355010147','Nguyễn Thị Hằng Nga','2005-09-18','Nữ','hangnga@gmail.com','0999665432','23CN3','Đang học'),('2355010163','Nguyễn Việt Quốc','2005-09-02','Nam','vietquoc@gmail.com','0929200518','23CN3','Đang học'),('2555010198','Trần Mạnh Tuấn','2007-02-16','Nam','manhtuan@gmail.com','0531792756','25CN2','Đang học'),('2555010199','Trần Sỹ Tuấn','2007-05-27','Nam','sytuan@gmail.com','0998554433','25CN3','Đang học'),('2555010201','Phạm Thanh Tùng','2007-04-24','Nam','thanhtugn@gmail.com','0554321789','25CN1','Đang học'),('2555010204','Nghiêm Bảo Việt','2007-02-17','Nam','bapviet@gmail.com','0984455123','25CN4','Đang học');
/*!40000 ALTER TABLE `SinhVien` ENABLE KEYS */;
UNLOCK TABLES;

--
-- Table structure for table `SoBaoDanh`
--

DROP TABLE IF EXISTS `SoBaoDanh`;
/*!40101 SET @saved_cs_client     = @@character_set_client */;
/*!50503 SET character_set_client = utf8mb4 */;
CREATE TABLE `SoBaoDanh` (
  `SoBaoDanh` varchar(20) NOT NULL,
  `MaSV` varchar(10) DEFAULT NULL,
  `MaLopHP` varchar(20) DEFAULT NULL,
  PRIMARY KEY (`SoBaoDanh`),
  UNIQUE KEY `UQ_SBD` (`MaSV`,`MaLopHP`),
  KEY `MaLopHP` (`MaLopHP`),
  CONSTRAINT `SoBaoDanh_ibfk_1` FOREIGN KEY (`MaSV`) REFERENCES `SinhVien` (`MaSV`),
  CONSTRAINT `SoBaoDanh_ibfk_2` FOREIGN KEY (`MaLopHP`) REFERENCES `LopHocPhan` (`MaLopHP`)
) ENGINE=InnoDB DEFAULT CHARSET=utf8mb4 COLLATE=utf8mb4_0900_ai_ci;
/*!40101 SET character_set_client = @saved_cs_client */;

--
-- Dumping data for table `SoBaoDanh`
--

LOCK TABLES `SoBaoDanh` WRITE;
/*!40000 ALTER TABLE `SoBaoDanh` DISABLE KEYS */;
INSERT INTO `SoBaoDanh` VALUES ('SBD001','2155010001','23CN3_CT4002'),('SBD002','2155010001','23CN3_CT4101'),('SBD003','2155010001','23CN3_NN3702'),('SBD004','2155010001','23CN3_NN3703'),('SBD005','2155010001','23CN3_TH4305'),('SBD006','2155010001','23CN3_TH4306'),('SBD007','2155010001','23CN3_TH4309'),('SBD008','2155010001','23CN3_TH4315'),('SBD009','2155010001','23CN3_TH4316'),('SBD010','2155010001','23CN3_TH4319'),('SBD011','2155010001','23CN3_TH4320'),('SBD012','2155010001','23CN3_TH5203'),('SBD013','2155010001','23CN3_TH5206'),('SBD014','2155010001','23CN3_TH5208'),('SBD015','2155010001','23CN3_TH5209'),('SBD016','2155010001','23CN3_TH5210'),('SBD017','2155010001','23CN3_TH5211'),('SBD018','2155010001','23CN3_TH5217'),('SBD019','2155010001','23CN3_TH5221'),('SBD020','2155010001','23CN3_TH5231'),('SBD021','2155010001','25CN3_NN3703'),('SBD022','2355010034','23CN3_CT4002'),('SBD023','2355010034','23CN3_CT4101'),('SBD024','2355010034','23CN3_NN3702'),('SBD025','2355010034','23CN3_NN3703'),('SBD026','2355010034','23CN3_TH4305'),('SBD027','2355010034','23CN3_TH4306'),('SBD028','2355010034','23CN3_TH4309'),('SBD029','2355010034','23CN3_TH4315'),('SBD030','2355010034','23CN3_TH4316'),('SBD031','2355010034','23CN3_TH4319'),('SBD032','2355010034','23CN3_TH4320'),('SBD033','2355010034','23CN3_TH5203'),('SBD034','2355010034','23CN3_TH5206'),('SBD035','2355010034','23CN3_TH5208'),('SBD036','2355010034','23CN3_TH5209'),('SBD037','2355010034','23CN3_TH5210'),('SBD038','2355010034','23CN3_TH5211'),('SBD039','2355010034','23CN3_TH5217'),('SBD040','2355010034','23CN3_TH5221'),('SBD041','2355010034','23CN3_TH5231'),('SBD042','2355010071','23CN3_CT4002'),('SBD043','2355010071','23CN3_CT4101'),('SBD044','2355010071','23CN3_NN3702'),('SBD045','2355010071','23CN3_NN3703'),('SBD046','2355010071','23CN3_TH4305'),('SBD047','2355010071','23CN3_TH4306'),('SBD048','2355010071','23CN3_TH4309'),('SBD049','2355010071','23CN3_TH4315'),('SBD050','2355010071','23CN3_TH4316'),('SBD051','2355010071','23CN3_TH4319'),('SBD052','2355010071','23CN3_TH4320'),('SBD053','2355010071','23CN3_TH5203'),('SBD054','2355010071','23CN3_TH5206'),('SBD055','2355010071','23CN3_TH5208'),('SBD056','2355010071','23CN3_TH5209'),('SBD057','2355010071','23CN3_TH5210'),('SBD058','2355010071','23CN3_TH5211'),('SBD059','2355010071','23CN3_TH5217'),('SBD060','2355010071','23CN3_TH5221'),('SBD061','2355010071','23CN3_TH5231'),('SBD062','2355010111','23CN3_CT4002'),('SBD063','2355010111','23CN3_CT4101'),('SBD064','2355010111','23CN3_NN3702'),('SBD065','2355010111','23CN3_NN3703'),('SBD066','2355010111','23CN3_TH4305'),('SBD067','2355010111','23CN3_TH4306'),('SBD068','2355010111','23CN3_TH4309'),('SBD069','2355010111','23CN3_TH4315'),('SBD070','2355010111','23CN3_TH4316'),('SBD071','2355010111','23CN3_TH4319'),('SBD072','2355010111','23CN3_TH4320'),('SBD073','2355010111','23CN3_TH5203'),('SBD074','2355010111','23CN3_TH5206'),('SBD075','2355010111','23CN3_TH5208'),('SBD076','2355010111','23CN3_TH5209'),('SBD077','2355010111','23CN3_TH5210'),('SBD078','2355010111','23CN3_TH5211'),('SBD079','2355010111','23CN3_TH5217'),('SBD080','2355010111','23CN3_TH5221'),('SBD081','2355010111','23CN3_TH5231'),('SBD082','2355010147','23CN3_CT4002'),('SBD083','2355010147','23CN3_CT4101'),('SBD084','2355010147','23CN3_NN3702'),('SBD085','2355010147','23CN3_NN3703'),('SBD086','2355010147','23CN3_TH4305'),('SBD087','2355010147','23CN3_TH4306'),('SBD088','2355010147','23CN3_TH4309'),('SBD089','2355010147','23CN3_TH4315'),('SBD090','2355010147','23CN3_TH4316'),('SBD091','2355010147','23CN3_TH4319'),('SBD092','2355010147','23CN3_TH4320'),('SBD093','2355010147','23CN3_TH5203'),('SBD094','2355010147','23CN3_TH5206'),('SBD095','2355010147','23CN3_TH5208'),('SBD096','2355010147','23CN3_TH5209'),('SBD097','2355010147','23CN3_TH5210'),('SBD098','2355010147','23CN3_TH5211'),('SBD099','2355010147','23CN3_TH5217'),('SBD100','2355010147','23CN3_TH5221'),('SBD101','2355010147','23CN3_TH5231'),('SBD102','2355010163','23CN3_CT4002'),('SBD103','2355010163','23CN3_CT4101'),('SBD104','2355010163','23CN3_NN3702'),('SBD105','2355010163','23CN3_NN3703'),('SBD106','2355010163','23CN3_TH4305'),('SBD107','2355010163','23CN3_TH4306'),('SBD108','2355010163','23CN3_TH4309'),('SBD109','2355010163','23CN3_TH4315'),('SBD110','2355010163','23CN3_TH4316'),('SBD111','2355010163','23CN3_TH4319'),('SBD112','2355010163','23CN3_TH4320'),('SBD113','2355010163','23CN3_TH5203'),('SBD114','2355010163','23CN3_TH5206'),('SBD115','2355010163','23CN3_TH5208'),('SBD116','2355010163','23CN3_TH5209'),('SBD117','2355010163','23CN3_TH5210'),('SBD118','2355010163','23CN3_TH5211'),('SBD119','2355010163','23CN3_TH5217'),('SBD120','2355010163','23CN3_TH5221'),('SBD121','2355010163','23CN3_TH5231'),('SBD122','2555010204','23CN3_CT4002'),('SBD123','2555010204','23CN3_CT4101'),('SBD124','2555010204','23CN3_NN3702'),('SBD125','2555010204','23CN3_NN3703'),('SBD126','2555010204','23CN3_TH4305'),('SBD127','2555010204','23CN3_TH4306'),('SBD128','2555010204','23CN3_TH4309'),('SBD129','2555010204','23CN3_TH4315'),('SBD130','2555010204','23CN3_TH4316'),('SBD131','2555010204','23CN3_TH4319'),('SBD132','2555010204','23CN3_TH4320'),('SBD133','2555010204','23CN3_TH5203'),('SBD134','2555010204','23CN3_TH5206'),('SBD135','2555010204','23CN3_TH5208'),('SBD136','2555010204','23CN3_TH5209'),('SBD137','2555010204','23CN3_TH5210'),('SBD138','2555010204','23CN3_TH5211'),('SBD139','2555010204','23CN3_TH5217'),('SBD140','2555010204','23CN3_TH5221'),('SBD141','2555010204','23CN3_TH5231'),('SBD142','2555010204','25CN3_TH5203');
/*!40000 ALTER TABLE `SoBaoDanh` ENABLE KEYS */;
UNLOCK TABLES;

--
-- Table structure for table `SuKien`
--

DROP TABLE IF EXISTS `SuKien`;
/*!40101 SET @saved_cs_client     = @@character_set_client */;
/*!50503 SET character_set_client = utf8mb4 */;
CREATE TABLE `SuKien` (
  `MaSuKien` varchar(10) NOT NULL,
  `TenSuKien` varchar(500) DEFAULT NULL,
  `NoiDung` text,
  `NgayBatDau` date DEFAULT NULL,
  `NgayKetThuc` date DEFAULT NULL,
  `DiaDiem` varchar(500) DEFAULT NULL,
  PRIMARY KEY (`MaSuKien`)
) ENGINE=InnoDB DEFAULT CHARSET=utf8mb4 COLLATE=utf8mb4_0900_ai_ci;
/*!40101 SET character_set_client = @saved_cs_client */;

--
-- Dumping data for table `SuKien`
--

LOCK TABLES `SuKien` WRITE;
/*!40000 ALTER TABLE `SuKien` DISABLE KEYS */;
INSERT INTO `SuKien` VALUES ('SK01','Kế hoạch tổ chức ngày hội việc làm HAU JOB FAIR 2026 tại trường Đại học Kiến trúc Hà Nội','có file đính kèm','2026-03-26','2026-04-12','Nhà thi đấu đại học Kiến Trúc'),('SK02','Giải bóng đá giảng viên Hau','Giải bóng đá nam','2026-03-15','2026-03-16','Sân bóng Chiến Thắng'),('SK03','Cuộc thi Olympic Tin học','Dành cho sinh viên toàn trường','2026-04-18','2026-04-19','Tầng 5 tòa M Đại học Kiến trúc Hà Nội'),('SK04','Đối thoại sinh viên và nhà trường','Các ban cán sự đại diện lớp và nhà trường đối thoại trao đổi các vấn đề giữa sinh viên và nhà trường','2026-04-13','2026-04-13','Nhà thi đấu');
/*!40000 ALTER TABLE `SuKien` ENABLE KEYS */;
UNLOCK TABLES;

--
-- Table structure for table `TaiKhoan`
--

DROP TABLE IF EXISTS `TaiKhoan`;
/*!40101 SET @saved_cs_client     = @@character_set_client */;
/*!50503 SET character_set_client = utf8mb4 */;
CREATE TABLE `TaiKhoan` (
  `Username` varchar(50) CHARACTER SET utf8mb3 COLLATE utf8mb3_general_ci NOT NULL,
  `Password` varchar(100) CHARACTER SET utf8mb3 COLLATE utf8mb3_general_ci DEFAULT NULL,
  `Role` varchar(30) CHARACTER SET utf8mb3 COLLATE utf8mb3_general_ci DEFAULT NULL,
  `MaSV` varchar(10) DEFAULT NULL,
  PRIMARY KEY (`Username`),
  KEY `MaSV` (`MaSV`),
  CONSTRAINT `TaiKhoan_ibfk_1` FOREIGN KEY (`MaSV`) REFERENCES `SinhVien` (`MaSV`)
) ENGINE=InnoDB DEFAULT CHARSET=utf8mb4 COLLATE=utf8mb4_0900_ai_ci;
/*!40101 SET character_set_client = @saved_cs_client */;

--
-- Dumping data for table `TaiKhoan`
--

LOCK TABLES `TaiKhoan` WRITE;
/*!40000 ALTER TABLE `TaiKhoan` DISABLE KEYS */;
INSERT INTO `TaiKhoan` VALUES ('1855010055','185501005521092000','SinhVien','1855010055'),('2155010001','215501000125032003','SinhVien','2155010001'),('2155010012','215501001219072003','SinhVien','2155010012'),('2155010134','215501013424082003','SinhVien','2155010134'),('2355010034','235501003404042005','SinhVien','2355010034'),('2355010071','235501007108102005','SinhVien','2355010071'),('2355010080','235501008021122005','SinhVien','2355010080'),('2355010106','235501010619062005','SinhVien','2355010106'),('2355010111','235501011126082005','SinhVien','2355010111'),('2355010133','235501013324022005','SinhVien','2355010133'),('2355010137','235501013714012005','SinhVien','2355010137'),('2355010142','235501014219042005','SinhVien','2355010142'),('2355010147','235501014718092005','SinhVien','2355010147'),('2355010163','235501016302092005','SinhVien','2355010163'),('2555010198','255501019816022007','SinhVien','2555010198'),('2555010199','255501019927052007','SinhVien','2555010199'),('2555010201','255501020124042007','SinhVien','2555010201'),('2555010204','255501020417022007','SinhVien','2555010204'),('nguyendangkhoa','gv02khoa','GiangVien',NULL),('nguyenhongthanh','gv01hongthanh','GiangVien',NULL),('nguyenthihue','gv03hue','GiangVien',NULL);
/*!40000 ALTER TABLE `TaiKhoan` ENABLE KEYS */;
UNLOCK TABLES;

--
-- Table structure for table `ThanhToan`
--

DROP TABLE IF EXISTS `ThanhToan`;
/*!40101 SET @saved_cs_client     = @@character_set_client */;
/*!50503 SET character_set_client = utf8mb4 */;
CREATE TABLE `ThanhToan` (
  `MaThanhToan` varchar(20) NOT NULL,
  `MaHocPhi` varchar(20) DEFAULT NULL,
  `NgayThanhToan` datetime DEFAULT NULL,
  `SoTien` decimal(12,2) DEFAULT NULL,
  `PhuongThuc` varchar(50) CHARACTER SET utf8mb3 COLLATE utf8mb3_general_ci DEFAULT NULL,
  `SoPhieu` varchar(50) CHARACTER SET utf8mb3 COLLATE utf8mb3_general_ci DEFAULT NULL,
  PRIMARY KEY (`MaThanhToan`),
  KEY `MaHocPhi` (`MaHocPhi`),
  CONSTRAINT `ThanhToan_ibfk_1` FOREIGN KEY (`MaHocPhi`) REFERENCES `HocPhi` (`MaHocPhi`)
) ENGINE=InnoDB DEFAULT CHARSET=utf8mb4 COLLATE=utf8mb4_0900_ai_ci;
/*!40101 SET character_set_client = @saved_cs_client */;

--
-- Dumping data for table `ThanhToan`
--

LOCK TABLES `ThanhToan` WRITE;
/*!40000 ALTER TABLE `ThanhToan` DISABLE KEYS */;
INSERT INTO `ThanhToan` VALUES ('TTHP215501000124HK2','HP215501000124HK2','2026-04-21 14:42:16',11096000.00,'Chuyển khoản','PHP215501000124HK2'),('TTHP215501000125HK1','HP215501000125HK1','2026-04-21 14:42:16',11680000.00,'Chuyển khoản','PHP215501000125HK1'),('TTHP235501003424HK2','HP235501003424HK2','2026-04-21 14:42:16',11096000.00,'Chuyển khoản','PHP235501003424HK2'),('TTHP235501003425HK1','HP235501003425HK1','2026-04-21 14:42:16',11680000.00,'Chuyển khoản','PHP235501003425HK1'),('TTHP235501007124HK2','HP235501007124HK2','2026-04-21 14:42:16',11096000.00,'Chuyển khoản','PHP235501007124HK2'),('TTHP235501007125HK1','HP235501007125HK1','2026-04-21 14:42:16',11680000.00,'Chuyển khoản','PHP235501007125HK1'),('TTHP235501011124HK2','HP235501011124HK2','2026-04-21 14:42:16',11096000.00,'Chuyển khoản','PHP235501011124HK2'),('TTHP235501011125HK1','HP235501011125HK1','2026-04-21 14:42:16',11680000.00,'Chuyển khoản','PHP235501011125HK1'),('TTHP235501014724HK2','HP235501014724HK2','2026-04-21 14:42:16',11096000.00,'Chuyển khoản','PHP235501014724HK2'),('TTHP235501014725HK1','HP235501014725HK1','2026-04-21 14:42:16',11680000.00,'Chuyển khoản','PHP235501014725HK1'),('TTHP235501016324HK2','HP235501016324HK2','2026-04-21 14:42:16',11096000.00,'Chuyển khoản','PHP235501016324HK2'),('TTHP235501016325HK1','HP235501016325HK1','2026-04-21 14:42:16',11680000.00,'Chuyển khoản','PHP235501016325HK1'),('TTHP255501020424HK2','HP255501020424HK2','2026-04-21 14:42:16',11096000.00,'Chuyển khoản','PHP255501020424HK2'),('TTHP255501020425HK1','HP255501020425HK1','2026-04-21 14:42:16',11680000.00,'Chuyển khoản','PHP255501020425HK1');
/*!40000 ALTER TABLE `ThanhToan` ENABLE KEYS */;
UNLOCK TABLES;

--
-- Table structure for table `ThongBao`
--

DROP TABLE IF EXISTS `ThongBao`;
/*!40101 SET @saved_cs_client     = @@character_set_client */;
/*!50503 SET character_set_client = utf8mb4 */;
CREATE TABLE `ThongBao` (
  `MaThongBao` varchar(10) NOT NULL,
  `TieuDe` varchar(255) CHARACTER SET utf8mb3 COLLATE utf8mb3_general_ci DEFAULT NULL,
  `NoiDung` text,
  `NgayDang` datetime DEFAULT NULL,
  `PhamVi` varchar(100) CHARACTER SET utf8mb3 COLLATE utf8mb3_general_ci DEFAULT NULL,
  `MaKhoa` varchar(10) DEFAULT NULL,
  `MaLop` varchar(10) DEFAULT NULL,
  `Tag` varchar(100) CHARACTER SET utf8mb3 COLLATE utf8mb3_general_ci DEFAULT NULL,
  `Link` varchar(255) CHARACTER SET utf8mb3 COLLATE utf8mb3_general_ci DEFAULT NULL,
  PRIMARY KEY (`MaThongBao`),
  KEY `MaKhoa` (`MaKhoa`),
  KEY `MaLop` (`MaLop`),
  CONSTRAINT `ThongBao_ibfk_1` FOREIGN KEY (`MaKhoa`) REFERENCES `Khoa` (`MaKhoa`),
  CONSTRAINT `ThongBao_ibfk_2` FOREIGN KEY (`MaLop`) REFERENCES `Lop` (`MaLop`)
) ENGINE=InnoDB DEFAULT CHARSET=utf8mb4 COLLATE=utf8mb4_0900_ai_ci;
/*!40101 SET character_set_client = @saved_cs_client */;

--
-- Dumping data for table `ThongBao`
--

LOCK TABLES `ThongBao` WRITE;
/*!40000 ALTER TABLE `ThongBao` DISABLE KEYS */;
INSERT INTO `ThongBao` VALUES ('TB01','Thông báo đóng học phí','Sinh viên hoàn thành học phí trước hạn','2026-04-21 14:37:00','Toàn trường','7480201',NULL,'HocPhi',NULL),('TB02','Lịch thi học kỳ','Cập nhật lịch thi HK1','2026-04-21 14:37:00','Sinh viên CNTT','7480201',NULL,'LichThi',NULL),('TB03','Thông báo lớp','Học bù vào thứ 7','2026-04-21 14:37:00','Lớp 23CN1',NULL,'23CN1','LichHoc',NULL),('TB04','Các mẫu văn bản phục vụ giải quyết thủ tục hành chính tại Bộ phận Một cửa','Các mẫu văn bản phục vụ giải quyết thủ tục hành chính tại Bộ phận Một cửa','2026-04-30 15:21:28','Toan Truong','7480201',NULL,'Thong Bao','https://tinchi.hau.edu.vn/Common/ChiTietTin/1345'),('TB05','Quy định dạy và học ngoại ngữ của Trường Đại học Kiến trúc Hà Nội','Quy định dạy và học ngoại ngữ của Trường Đại học Kiến trúc Hà Nội','2026-04-30 15:21:28','Toan Truong','7480201',NULL,'Thong Bao','https://tinchi.hau.edu.vn/Common/ChiTietTin/1556'),('TB06','Thông báo tổ chức Diễn đàn khởi nghiệp trong kỷ nguyên số','Thông báo tổ chức Diễn đàn khởi nghiệp trong kỷ nguyên số','2026-04-30 15:21:28','Toan Truong','7480201',NULL,'Thong Bao','https://tinchi.hau.edu.vn/Common/ChiTietTin/1557'),('TB07','Bài giảng Quy chế đào tạo đại học theo phương thức tín chỉ','Bài giảng Quy chế đào tạo đại học theo phương thức tín chỉ','2026-04-30 15:21:28','Toan Truong','7480201',NULL,'Thong Bao','https://tinchi.hau.edu.vn/Common/ChiTietTin/1558'),('TB08','Thông báo Thời khóa biểu dự kiến lần 2 Đợt 5 học kỳ I','Thông báo Thời khóa biểu dự kiến lần 2 Đợt 5 học kỳ I','2026-04-30 15:21:28','Toan Truong','7480201',NULL,'Thong Bao','https://tinchi.hau.edu.vn/Common/ChiTietTin/1559'),('TB09','Thông báo Thời khóa biểu chính thức Đợt 5 học kỳ I','Thông báo Thời khóa biểu chính thức Đợt 5 học kỳ I','2026-04-30 15:21:28','Toan Truong','7480201',NULL,'Thong Bao','https://tinchi.hau.edu.vn/Common/ChiTietTin/1564'),('TB10','Thông báo hạn nộp học phí học kỳ I năm học 2024-2025','Thông báo hạn nộp học phí học kỳ I năm học 2024-2025','2026-04-30 15:21:28','Toan Truong','7480201',NULL,'Thong Bao','https://tinchi.hau.edu.vn/Common/ChiTietTin/1566'),('TB11','Danh sách sinh viên chưa đóng học phí học kỳ I','Danh sách sinh viên chưa đóng học phí học kỳ I','2026-04-30 15:21:28','Toan Truong','7480201',NULL,'Thong Bao','https://tinchi.hau.edu.vn/Common/ChiTietTin/1567'),('TB12','Thông báo kỳ thi TOEIC Placement Test','Thông báo kỳ thi TOEIC Placement Test','2026-04-30 15:21:28','Toan Truong','7480201',NULL,'Thong Bao','https://tinchi.hau.edu.vn/Common/ChiTietTin/1570'),('TB13','Kết quả kỳ thi TOEIC Placement Test đợt 1','Kết quả kỳ thi TOEIC Placement Test đợt 1','2026-04-30 15:21:28','Toan Truong','7480201',NULL,'Thong Bao','https://tinchi.hau.edu.vn/Common/ChiTietTin/1574'),('TB14','Thông báo lịch thi Đợt 5 học kỳ I','Thông báo lịch thi Đợt 5 học kỳ I','2026-04-30 15:21:28','Toan Truong','7480201',NULL,'Thong Bao','https://tinchi.hau.edu.vn/Common/ChiTietTin/1575'),('TB15','Quyết định miễn học phần ngoại ngữ cho sinh viên','Quyết định miễn học phần ngoại ngữ cho sinh viên','2026-04-30 15:21:28','Toan Truong','7480201',NULL,'Thong Bao','https://tinchi.hau.edu.vn/Common/ChiTietTin/1577'),('TB16','Quyết định hoàn trả BHYT cho sinh viên','Quyết định hoàn trả BHYT cho sinh viên','2026-04-30 15:21:28','Toan Truong','7480201',NULL,'Thong Bao','https://tinchi.hau.edu.vn/Common/ChiTietTin/1586'),('TB17','Thông báo kế hoạch giảng dạy học kỳ II năm học 2024-2025','Thông báo kế hoạch giảng dạy học kỳ II năm học 2024-2025','2026-04-30 15:21:28','Toan Truong','7480201',NULL,'Thong Bao','https://tinchi.hau.edu.vn/Common/ChiTietTin/1594'),('TB18','Hướng dẫn đăng ký học phần ngoại ngữ','Hướng dẫn đăng ký học phần ngoại ngữ','2026-04-30 15:21:28','Toan Truong','7480201',NULL,'Thong Bao','https://tinchi.hau.edu.vn/Common/ChiTietTin/1595'),('TB19','Thông báo thời khóa biểu chính thức học kỳ II','Thông báo thời khóa biểu chính thức học kỳ II','2026-04-30 15:21:28','Toan Truong','7480201',NULL,'Thong Bao','https://tinchi.hau.edu.vn/Common/ChiTietTin/1596'),('TB20','Thông báo nghỉ lễ 30/4 và 1/5','Thông báo nghỉ lễ 30/4 và 1/5','2026-04-30 15:21:28','Toan Truong','7480201',NULL,'Thong Bao','https://tinchi.hau.edu.vn/Common/ChiTietTin/1613'),('TB21','Thông báo thay đổi địa chỉ Bộ phận Một cửa','Thông báo thay đổi địa chỉ Bộ phận Một cửa','2026-04-30 15:21:28','Toan Truong','7480201',NULL,'Thong Bao','https://tinchi.hau.edu.vn/Common/ChiTietTin/1615'),('TB22','Thông báo thay đổi phòng học các lớp','Thông báo thay đổi phòng học các lớp','2026-04-30 15:21:28','Toan Truong','7480201',NULL,'Thong Bao','https://tinchi.hau.edu.vn/Common/ChiTietTin/1616'),('TB23','Cảnh báo hành vi giả mạo văn bản lừa đảo sinh viên','Cảnh báo hành vi giả mạo văn bản lừa đảo sinh viên','2026-04-30 15:21:28','Toan Truong','7480201',NULL,'Thong Bao','https://tinchi.hau.edu.vn/Common/ChiTietTin/1633'),('TB24','Thông báo tổ chức học kỳ phụ hè','Thông báo tổ chức học kỳ phụ hè','2026-04-30 15:21:28','Toan Truong','7480201',NULL,'Thong Bao','https://tinchi.hau.edu.vn/Common/ChiTietTin/1636'),('TB25','Thông báo cập nhật CCCD trên hệ thống','Thông báo cập nhật CCCD trên hệ thống','2026-04-30 15:21:28','Toan Truong','7480201',NULL,'Thong Bao','https://tinchi.hau.edu.vn/Common/ChiTietTin/1641');
/*!40000 ALTER TABLE `ThongBao` ENABLE KEYS */;
UNLOCK TABLES;

--
-- Table structure for table `ThongTinCaNhan`
--

DROP TABLE IF EXISTS `ThongTinCaNhan`;
/*!40101 SET @saved_cs_client     = @@character_set_client */;
/*!50503 SET character_set_client = utf8mb4 */;
CREATE TABLE `ThongTinCaNhan` (
  `MaSV` varchar(10) NOT NULL,
  `Email` varchar(50) CHARACTER SET utf8mb3 COLLATE utf8mb3_general_ci DEFAULT NULL,
  `DienThoai` varchar(10) DEFAULT NULL,
  `SoTaiKhoan` varchar(30) DEFAULT NULL,
  `TenNganHang` varchar(100) CHARACTER SET utf8mb3 COLLATE utf8mb3_general_ci DEFAULT NULL,
  `SoCCCD` varchar(20) DEFAULT NULL,
  `SoBaoHiem` varchar(20) DEFAULT NULL,
  `DanToc` varchar(50) CHARACTER SET utf8mb3 COLLATE utf8mb3_general_ci DEFAULT NULL,
  `TonGiao` varchar(50) CHARACTER SET utf8mb3 COLLATE utf8mb3_general_ci DEFAULT NULL,
  `QueQuan` varchar(100) CHARACTER SET utf8mb3 COLLATE utf8mb3_general_ci DEFAULT NULL,
  `Xa` varchar(100) CHARACTER SET utf8mb3 COLLATE utf8mb3_general_ci DEFAULT NULL,
  `TinhTP` varchar(100) CHARACTER SET utf8mb3 COLLATE utf8mb3_general_ci DEFAULT NULL,
  `QuocTich` varchar(50) CHARACTER SET utf8mb3 COLLATE utf8mb3_general_ci DEFAULT NULL,
  `HoKhauThuongTru` varchar(200) CHARACTER SET utf8mb3 COLLATE utf8mb3_general_ci DEFAULT NULL,
  `NoiO` varchar(200) CHARACTER SET utf8mb3 COLLATE utf8mb3_general_ci DEFAULT NULL,
  PRIMARY KEY (`MaSV`),
  CONSTRAINT `ThongTinCaNhan_ibfk_1` FOREIGN KEY (`MaSV`) REFERENCES `SinhVien` (`MaSV`)
) ENGINE=InnoDB DEFAULT CHARSET=utf8mb4 COLLATE=utf8mb4_0900_ai_ci;
/*!40101 SET character_set_client = @saved_cs_client */;

--
-- Dumping data for table `ThongTinCaNhan`
--

LOCK TABLES `ThongTinCaNhan` WRITE;
/*!40000 ALTER TABLE `ThongTinCaNhan` DISABLE KEYS */;
INSERT INTO `ThongTinCaNhan` VALUES ('1855010055','trunghieu@gmail.com','0987225622',NULL,NULL,NULL,NULL,NULL,NULL,NULL,NULL,NULL,NULL,NULL,NULL),('2155010001','hongan@gmail.com','0234224564',NULL,NULL,NULL,NULL,NULL,NULL,NULL,NULL,NULL,NULL,NULL,NULL),('2155010012','maianh@gmail.com','0564552352',NULL,NULL,NULL,NULL,NULL,NULL,NULL,NULL,NULL,NULL,NULL,NULL),('2155010134','lehuong@gmail.com','0998231231',NULL,NULL,NULL,NULL,NULL,NULL,NULL,NULL,NULL,NULL,NULL,NULL),('2355010034','vanchi@gmail.com','0521784334',NULL,NULL,NULL,NULL,NULL,NULL,NULL,NULL,NULL,NULL,NULL,NULL),('2355010071','giangnguyen@gmail.com','0567338644',NULL,NULL,NULL,NULL,NULL,NULL,NULL,NULL,NULL,NULL,NULL,NULL),('2355010080','trungghieu@gmail.com','0555768931',NULL,NULL,NULL,NULL,NULL,NULL,NULL,NULL,NULL,NULL,NULL,NULL),('2355010106','khanhhuyen@gmail.com','0268339184',NULL,NULL,NULL,NULL,NULL,NULL,NULL,NULL,NULL,NULL,NULL,NULL),('2355010111','huongnguyen@gmail.com','0982446837',NULL,NULL,NULL,NULL,NULL,NULL,NULL,NULL,NULL,NULL,NULL,NULL),('2355010133','kdtranloc@gmail.com','0857849668',NULL,NULL,NULL,NULL,NULL,NULL,NULL,NULL,NULL,NULL,NULL,NULL),('2355010137','anhminh@gmail.com','0873318528',NULL,NULL,NULL,NULL,NULL,NULL,NULL,NULL,NULL,NULL,NULL,NULL),('2355010142','phgnam@gmail.com','0932882641',NULL,NULL,NULL,NULL,NULL,NULL,NULL,NULL,NULL,NULL,NULL,NULL),('2355010147','hangnga@gmail.com','0999665432',NULL,NULL,NULL,NULL,NULL,NULL,NULL,NULL,NULL,NULL,NULL,NULL),('2355010163','quoct31234@gmail.com','0342623430',NULL,NULL,NULL,NULL,'Kinh','Không','Ninh Bình','Nam Trực',NULL,'Việt Nam',NULL,'Hà Nội'),('2555010198','manhtuan@gmail.com','0531792756',NULL,NULL,NULL,NULL,NULL,NULL,NULL,NULL,NULL,NULL,NULL,NULL),('2555010199','sytuan@gmail.com','0998554433',NULL,NULL,NULL,NULL,NULL,NULL,NULL,NULL,NULL,NULL,NULL,NULL),('2555010201','thanhtugn@gmail.com','0554321789',NULL,NULL,NULL,NULL,NULL,NULL,NULL,NULL,NULL,NULL,NULL,NULL),('2555010204','bapviet@gmail.com','0984455123',NULL,NULL,NULL,NULL,NULL,NULL,NULL,NULL,NULL,NULL,NULL,NULL);
/*!40000 ALTER TABLE `ThongTinCaNhan` ENABLE KEYS */;
UNLOCK TABLES;

--
-- Table structure for table `ThongTinNguoiGiamHo`
--

DROP TABLE IF EXISTS `ThongTinNguoiGiamHo`;
/*!40101 SET @saved_cs_client     = @@character_set_client */;
/*!50503 SET character_set_client = utf8mb4 */;
CREATE TABLE `ThongTinNguoiGiamHo` (
  `ID` int NOT NULL AUTO_INCREMENT,
  `MaSV` varchar(10) NOT NULL,
  `HoTen` varchar(50) DEFAULT NULL,
  `NgaySinh` date DEFAULT NULL,
  `DienThoai` varchar(10) DEFAULT NULL,
  `SoCCCD` varchar(20) DEFAULT NULL,
  `HoKhauThuongTru` varchar(500) DEFAULT NULL,
  `MoiQuanHe` varchar(100) DEFAULT NULL,
  PRIMARY KEY (`ID`),
  KEY `fk_giamho_sinhvien` (`MaSV`),
  CONSTRAINT `fk_giamho_sinhvien` FOREIGN KEY (`MaSV`) REFERENCES `SinhVien` (`MaSV`) ON DELETE CASCADE
) ENGINE=InnoDB AUTO_INCREMENT=19 DEFAULT CHARSET=utf8mb4 COLLATE=utf8mb4_0900_ai_ci;
/*!40101 SET character_set_client = @saved_cs_client */;

--
-- Dumping data for table `ThongTinNguoiGiamHo`
--

LOCK TABLES `ThongTinNguoiGiamHo` WRITE;
/*!40000 ALTER TABLE `ThongTinNguoiGiamHo` DISABLE KEYS */;
INSERT INTO `ThongTinNguoiGiamHo` VALUES (1,'1855010055','Nguyễn Văn T','1970-01-01','0987654321','112345678901','Hà Nội','Bác'),(2,'2155010001','Trần Văn U','1972-02-02','0987654322','112345678902','Nam Định','Chú'),(3,'2155010012','Lê Thị V','1975-03-03','0987654323','112345678903','Hải Phòng','Cô'),(4,'2155010134','Phạm Văn W','1973-04-04','0987654324','112345678904','Hà Nam','Chú'),(5,'2355010034','Hoàng Thị X','1976-05-05','0987654325','112345678905','Ninh Bình','Cô'),(6,'2355010071','Vũ Văn Y','1971-06-06','0987654326','112345678906','Hà Nội','Chú'),(7,'2355010080','Đặng Thị Z','1978-07-07','0987654327','112345678907','Thái Bình','Cô'),(8,'2355010106','Bùi Văn AA','1974-08-08','0987654328','112345678908','Hưng Yên','Bác'),(9,'2355010111','Ngô Thị AB','1977-09-09','0987654329','112345678909','Hà Nội','Cô'),(10,'2355010133','Phan Văn AC','1972-10-10','0987654330','112345678910','Bắc Ninh','Chú'),(11,'2355010137','Đỗ Thị AD','1976-11-11','0987654331','112345678911','Hà Nam','Cô'),(12,'2355010142','Hồ Văn AE','1973-12-12','0987654332','112345678912','Hà Nội','Chú'),(13,'2355010147','Nguyễn Thị AF','1975-01-15','0987654333','112345678913','Hải Dương','Cô'),(14,'2355010163','Trần Văn A','1971-02-16','0987654334','112345678914','Hà Nội','Bác'),(15,'2555010198','Lê Thị AH','1974-03-17','0987654335','112345678915','Nam Định','Cô'),(16,'2555010199','Phạm Văn AI','1972-04-18','0987654336','112345678916','Hà Nội','Chú'),(17,'2555010201','Hoàng Thị AK','1976-05-19','0987654337','112345678917','Ninh Bình','Cô'),(18,'2555010204','Vũ Văn AL','1973-06-20','0987654338','112345678918','Hà Nội','Bác');
/*!40000 ALTER TABLE `ThongTinNguoiGiamHo` ENABLE KEYS */;
UNLOCK TABLES;

--
-- Table structure for table `ThongTinNguoiThan`
--

DROP TABLE IF EXISTS `ThongTinNguoiThan`;
/*!40101 SET @saved_cs_client     = @@character_set_client */;
/*!50503 SET character_set_client = utf8mb4 */;
CREATE TABLE `ThongTinNguoiThan` (
  `ID` int NOT NULL AUTO_INCREMENT,
  `MaSV` varchar(10) NOT NULL,
  `HoTen` varchar(50) DEFAULT NULL,
  `NgaySinh` date DEFAULT NULL,
  `DienThoai` varchar(10) DEFAULT NULL,
  `SoCCCD` varchar(20) DEFAULT NULL,
  `HoKhauThuongTru` varchar(500) DEFAULT NULL,
  `MoiQuanHe` varchar(100) DEFAULT NULL,
  PRIMARY KEY (`ID`),
  KEY `fk_nguoithan_sinhvien` (`MaSV`),
  CONSTRAINT `fk_nguoithan_sinhvien` FOREIGN KEY (`MaSV`) REFERENCES `SinhVien` (`MaSV`) ON DELETE CASCADE
) ENGINE=InnoDB AUTO_INCREMENT=19 DEFAULT CHARSET=utf8mb4 COLLATE=utf8mb4_0900_ai_ci;
/*!40101 SET character_set_client = @saved_cs_client */;

--
-- Dumping data for table `ThongTinNguoiThan`
--

LOCK TABLES `ThongTinNguoiThan` WRITE;
/*!40000 ALTER TABLE `ThongTinNguoiThan` DISABLE KEYS */;
INSERT INTO `ThongTinNguoiThan` VALUES (1,'1855010055','Nguyễn Văn A','1975-05-12','0912345678','012345678901','Hà Nội','Bố'),(2,'2155010001','Trần Thị B','1978-08-20','0912345671','012345678902','Nam Định','Mẹ'),(3,'2155010012','Lê Văn C','1980-03-15','0912345672','012345678903','Hải Phòng','Anh'),(4,'2155010134','Phạm Thị D','1982-11-10','0912345673','012345678904','Hà Nam','Chị'),(5,'2355010034','Hoàng Văn E','1976-07-25','0912345674','012345678905','Ninh Bình','Bố'),(6,'2355010071','Vũ Thị F','1979-09-09','0912345675','012345678906','Hà Nội','Mẹ'),(7,'2355010080','Đặng Văn G','1981-02-18','0912345676','012345678907','Thái Bình','Anh'),(8,'2355010106','Bùi Thị H','1983-06-30','0912345677','012345678908','Hưng Yên','Chị'),(9,'2355010111','Ngô Văn I','1977-12-12','0912345678','012345678909','Hà Nội','Bố'),(10,'2355010133','Phan Thị K','1984-04-04','0912345679','012345678910','Bắc Ninh','Mẹ'),(11,'2355010137','Đỗ Văn L','1975-01-01','0912345680','012345678911','Hà Nam','Bố'),(12,'2355010142','Hồ Thị M','1980-10-10','0912345681','012345678912','Hà Nội','Mẹ'),(13,'2355010147','Nguyễn Văn N','1979-03-03','0912345682','012345678913','Hải Dương','Bố'),(14,'2355010163','Nguyễn Văn Lâm','1982-07-07','0912345683','012345678914','Hà Nội','Mẹ'),(15,'2555010198','Lê Văn P','1978-08-08','0912345684','012345678915','Nam Định','Bố'),(16,'2555010199','Phạm Thị Q','1981-09-09','0912345685','012345678916','Hà Nội','Mẹ'),(17,'2555010201','Hoàng Văn R','1976-06-06','0912345686','012345678917','Ninh Bình','Bố'),(18,'2555010204','Vũ Thị S','1983-12-12','0912345687','012345678918','Hà Nội','Mẹ');
/*!40000 ALTER TABLE `ThongTinNguoiThan` ENABLE KEYS */;
UNLOCK TABLES;

--
-- Table structure for table `TietHoc`
--

DROP TABLE IF EXISTS `TietHoc`;
/*!40101 SET @saved_cs_client     = @@character_set_client */;
/*!50503 SET character_set_client = utf8mb4 */;
CREATE TABLE `TietHoc` (
  `MaTiet` int NOT NULL,
  `GioBatDau` time DEFAULT NULL,
  `GioKetThuc` time DEFAULT NULL,
  PRIMARY KEY (`MaTiet`)
) ENGINE=InnoDB DEFAULT CHARSET=utf8mb4 COLLATE=utf8mb4_0900_ai_ci;
/*!40101 SET character_set_client = @saved_cs_client */;

--
-- Dumping data for table `TietHoc`
--

LOCK TABLES `TietHoc` WRITE;
/*!40000 ALTER TABLE `TietHoc` DISABLE KEYS */;
INSERT INTO `TietHoc` VALUES (1,'06:55:00','07:40:00'),(2,'07:45:00','08:30:00'),(3,'08:35:00','09:20:00'),(4,'09:30:00','10:15:00'),(5,'10:20:00','11:05:00'),(6,'11:10:00','11:55:00'),(7,'12:05:00','12:50:00'),(8,'12:55:00','13:40:00'),(9,'13:45:00','14:30:00'),(10,'14:40:00','15:25:00'),(11,'15:30:00','16:15:00'),(12,'16:20:00','17:05:00'),(13,'17:30:00','18:15:00'),(14,'18:20:00','19:05:00'),(15,'19:10:00','19:55:00'),(16,'20:00:00','20:45:00');
/*!40000 ALTER TABLE `TietHoc` ENABLE KEYS */;
UNLOCK TABLES;
/*!40103 SET TIME_ZONE=@OLD_TIME_ZONE */;

/*!40101 SET SQL_MODE=@OLD_SQL_MODE */;
/*!40014 SET FOREIGN_KEY_CHECKS=@OLD_FOREIGN_KEY_CHECKS */;
/*!40014 SET UNIQUE_CHECKS=@OLD_UNIQUE_CHECKS */;
/*!40101 SET CHARACTER_SET_CLIENT=@OLD_CHARACTER_SET_CLIENT */;
/*!40101 SET CHARACTER_SET_RESULTS=@OLD_CHARACTER_SET_RESULTS */;
/*!40101 SET COLLATION_CONNECTION=@OLD_COLLATION_CONNECTION */;
/*!40111 SET SQL_NOTES=@OLD_SQL_NOTES */;

-- Dump completed on 2026-05-07 19:11:21
